sample_id,type_id,t_min,f_min,t_max,f_max,sample_name
1,0,0,0,1000,22050,clap_0001
2,0,0,0,1000,22050,clap_0002
3,0,0,0,1000,22050,clap_0003
4,0,0,0,1000,22050,clap_0004
5,0,0,0,1000,22050,clap_0005
6,0,0,0,1000,22050,clap_0006
7,0,0,0,1000,22050,clap_0007
8,0,0,0,1000,22050,clap_0008
9,0,0,0,1000,22050,clap_0009
10,0,0,0,1000,22050,clap_0010
11,0,0,0,1000,22050,clap_0011
12,0,0,0,1000,22050,clap_0012
13,0,0,0,1000,22050,clap_0013
14,0,0,0,1000,22050,clap_0014
15,0,0,0,1000,22050,clap_0015
16,0,0,0,1000,22050,clap_0016
17,0,0,0,1000,22050,clap_0017
18,0,0,0,1000,22050,clap_0018
19,0,0,0,1000,22050,clap_0019
20,0,0,0,1000,22050,clap_0020
21,0,0,0,1000,22050,clap_0021
22,0,0,0,1000,22050,clap_0022
23,0,0,0,1000,22050,clap_0023
24,0,0,0,1000,22050,clap_0024
25,0,0,0,1000,22050,clap_0025
26,0,0,0,1000,22050,clap_0026
27,0,0,0,1000,22050,clap_0027
28,0,0,0,1000,22050,clap_0028
29,0,0,0,1000,22050,clap_0029
30,0,0,0,1000,22050,clap_0030
31,0,0,0,1000,22050,clap_0031
32,0,0,0,1000,22050,clap_0032
33,0,0,0,1000,22050,clap_0033
34,0,0,0,1000,22050,clap_0034
35,0,0,0,1000,22050,clap_0035
36,0,0,0,1000,22050,clap_0036
37,0,0,0,1000,22050,clap_0037
38,0,0,0,1000,22050,clap_0038
39,0,0,0,1000,22050,clap_0039
40,0,0,0,1000,22050,clap_0040
41,0,0,0,1000,22050,clap_0041
42,0,0,0,1000,22050,clap_0042
43,0,0,0,1000,22050,clap_0043
44,0,0,0,1000,22050,clap_0044
45,0,0,0,1000,22050,clap_0045
46,0,0,0,1000,22050,clap_0046
47,0,0,0,1000,22050,clap_0047
48,0,0,0,1000,22050,clap_0048
49,0,0,0,1000,22050,clap_0049
50,0,0,0,1000,22050,clap_0050
51,0,0,0,1000,22050,clap_0051
52,0,0,0,1000,22050,clap_0052
53,0,0,0,1000,22050,clap_0053
54,0,0,0,1000,22050,clap_0054
55,0,0,0,1000,22050,clap_0055
56,0,0,0,1000,22050,clap_0056
57,0,0,0,1000,22050,clap_0057
58,0,0,0,1000,22050,clap_0058
59,0,0,0,1000,22050,clap_0059
60,0,0,0,1000,22050,clap_0060
61,0,0,0,1000,22050,clap_0061
62,0,0,0,1000,22050,clap_0062
63,0,0,0,1000,22050,clap_0063
64,0,0,0,1000,22050,clap_0064
65,0,0,0,1000,22050,clap_0065
66,0,0,0,1000,22050,clap_0066
67,0,0,0,1000,22050,clap_0067
68,0,0,0,1000,22050,clap_0068
69,0,0,0,1000,22050,clap_0069
70,0,0,0,1000,22050,clap_0070
71,0,0,0,1000,22050,clap_0071
72,0,0,0,1000,22050,clap_0072
73,0,0,0,1000,22050,clap_0073
74,0,0,0,1000,22050,clap_0074
75,0,0,0,1000,22050,clap_0075
76,0,0,0,1000,22050,clap_0076
77,0,0,0,1000,22050,clap_0077
78,0,0,0,1000,22050,clap_0078
79,0,0,0,1000,22050,clap_0079
80,0,0,0,1000,22050,clap_0080
81,0,0,0,1000,22050,clap_0081
82,0,0,0,1000,22050,clap_0082
83,0,0,0,1000,22050,clap_0083
84,0,0,0,1000,22050,clap_0084
85,0,0,0,1000,22050,clap_0085
86,0,0,0,1000,22050,clap_0086
87,0,0,0,1000,22050,clap_0087
88,0,0,0,1000,22050,clap_0088
89,0,0,0,1000,22050,clap_0089
90,0,0,0,1000,22050,clap_0090
91,0,0,0,1000,22050,clap_0091
92,0,0,0,1000,22050,clap_0092
93,0,0,0,1000,22050,clap_0093
94,0,0,0,1000,22050,clap_0094
95,0,0,0,1000,22050,clap_0095
96,0,0,0,1000,22050,clap_0096
97,0,0,0,1000,22050,clap_0097
98,0,0,0,1000,22050,clap_0098
99,0,0,0,1000,22050,clap_0099
100,0,0,0,1000,22050,clap_0100
101,0,0,0,1000,22050,clap_0101
102,0,0,0,1000,22050,clap_0102
103,0,0,0,1000,22050,clap_0103
104,0,0,0,1000,22050,clap_0104
105,0,0,0,1000,22050,clap_0105
106,0,0,0,1000,22050,clap_0106
107,0,0,0,1000,22050,clap_0107
108,0,0,0,1000,22050,clap_0108
109,0,0,0,1000,22050,clap_0109
110,0,0,0,1000,22050,clap_0110
111,0,0,0,1000,22050,clap_0111
112,0,0,0,1000,22050,clap_0112
113,0,0,0,1000,22050,clap_0113
114,0,0,0,1000,22050,clap_0114
115,0,0,0,1000,22050,clap_0115
116,0,0,0,1000,22050,clap_0116
117,0,0,0,1000,22050,clap_0117
118,0,0,0,1000,22050,clap_0118
119,0,0,0,1000,22050,clap_0119
120,0,0,0,1000,22050,clap_0120
121,0,0,0,1000,22050,clap_0121
122,0,0,0,1000,22050,clap_0122
123,0,0,0,1000,22050,clap_0123
124,0,0,0,1000,22050,clap_0124
125,0,0,0,1000,22050,clap_0125
126,0,0,0,1000,22050,clap_0126
127,0,0,0,1000,22050,clap_0127
128,0,0,0,1000,22050,clap_0128
129,0,0,0,1000,22050,clap_0129
130,0,0,0,1000,22050,clap_0130
131,0,0,0,1000,22050,clap_0131
132,0,0,0,1000,22050,clap_0132
133,0,0,0,1000,22050,clap_0133
134,0,0,0,1000,22050,clap_0134
135,0,0,0,1000,22050,clap_0135
136,0,0,0,1000,22050,clap_0136
137,0,0,0,1000,22050,clap_0137
138,0,0,0,1000,22050,clap_0138
139,0,0,0,1000,22050,clap_0139
140,0,0,0,1000,22050,clap_0140
141,0,0,0,1000,22050,clap_0141
142,0,0,0,1000,22050,clap_0142
143,0,0,0,1000,22050,clap_0143
144,0,0,0,1000,22050,clap_0144
145,0,0,0,1000,22050,clap_0145
146,0,0,0,1000,22050,clap_0146
147,0,0,0,1000,22050,clap_0147
148,0,0,0,1000,22050,clap_0148
149,0,0,0,1000,22050,clap_0149
150,0,0,0,1000,22050,clap_0150
151,0,0,0,1000,22050,clap_0151
152,0,0,0,1000,22050,clap_0152
153,0,0,0,1000,22050,clap_0153
154,0,0,0,1000,22050,clap_0154
155,0,0,0,1000,22050,clap_0155
156,0,0,0,1000,22050,clap_0156
157,0,0,0,1000,22050,clap_0157
158,0,0,0,1000,22050,clap_0158
159,0,0,0,1000,22050,clap_0159
160,0,0,0,1000,22050,clap_0160
161,0,0,0,1000,22050,clap_0161
162,0,0,0,1000,22050,clap_0162
163,0,0,0,1000,22050,clap_0163
164,0,0,0,1000,22050,clap_0164
165,0,0,0,1000,22050,clap_0165
166,0,0,0,1000,22050,clap_0166
167,0,0,0,1000,22050,clap_0167
168,0,0,0,1000,22050,clap_0168
169,0,0,0,1000,22050,clap_0169
170,0,0,0,1000,22050,clap_0170
171,0,0,0,1000,22050,clap_0171
172,0,0,0,1000,22050,clap_0172
173,0,0,0,1000,22050,clap_0173
174,0,0,0,1000,22050,clap_0174
175,0,0,0,1000,22050,clap_0175
176,0,0,0,1000,22050,clap_0176
177,0,0,0,1000,22050,clap_0177
178,0,0,0,1000,22050,clap_0178
179,0,0,0,1000,22050,clap_0179
180,0,0,0,1000,22050,clap_0180
181,0,0,0,1000,22050,clap_0181
182,0,0,0,1000,22050,clap_0182
183,0,0,0,1000,22050,clap_0183
184,0,0,0,1000,22050,clap_0184
185,0,0,0,1000,22050,clap_0185
186,0,0,0,1000,22050,clap_0186
187,0,0,0,1000,22050,clap_0187
188,0,0,0,1000,22050,clap_0188
189,0,0,0,1000,22050,clap_0189
190,0,0,0,1000,22050,clap_0190
191,0,0,0,1000,22050,clap_0191
192,0,0,0,1000,22050,clap_0192
193,0,0,0,1000,22050,clap_0193
194,0,0,0,1000,22050,clap_0194
195,0,0,0,1000,22050,clap_0195
197,0,0,0,1000,22050,clap_0196
198,0,0,0,1000,22050,clap_0197
199,0,0,0,1000,22050,clap_0198
200,0,0,0,1000,22050,clap_0199
201,0,0,0,1000,22050,clap_0200
202,0,0,0,1000,22050,clap_0201
203,0,0,0,1000,22050,clap_0202
204,0,0,0,1000,22050,clap_0203
205,0,0,0,1000,22050,clap_0204
206,0,0,0,1000,22050,clap_0205
207,0,0,0,1000,22050,clap_0206
208,0,0,0,1000,22050,clap_0207
209,0,0,0,1000,22050,clap_0208
210,0,0,0,1000,22050,clap_0209
211,0,0,0,1000,22050,clap_0210
212,0,0,0,1000,22050,clap_0211
213,0,0,0,1000,22050,clap_0212
214,0,0,0,1000,22050,clap_0213
215,0,0,0,1000,22050,clap_0214
216,0,0,0,1000,22050,clap_0215
217,0,0,0,1000,22050,clap_0216
218,0,0,0,1000,22050,clap_0217
219,0,0,0,1000,22050,clap_0218
220,0,0,0,1000,22050,clap_0219
221,0,0,0,1000,22050,clap_0220
222,0,0,0,1000,22050,clap_0221
223,0,0,0,1000,22050,clap_0222
224,0,0,0,1000,22050,clap_0223
225,0,0,0,1000,22050,clap_0224
226,0,0,0,1000,22050,clap_0225
227,0,0,0,1000,22050,clap_0226
228,0,0,0,1000,22050,clap_0227
229,1,0,0,1000,22050,closedhat_0001
230,1,0,0,1000,22050,closedhat_0002
231,1,0,0,1000,22050,closedhat_0003
232,1,0,0,1000,22050,closedhat_0004
233,1,0,0,1000,22050,closedhat_0005
234,1,0,0,1000,22050,closedhat_0006
235,1,0,0,1000,22050,closedhat_0007
236,1,0,0,1000,22050,closedhat_0008
237,1,0,0,1000,22050,closedhat_0009
238,1,0,0,1000,22050,closedhat_0010
239,1,0,0,1000,22050,closedhat_0011
240,1,0,0,1000,22050,closedhat_0012
241,1,0,0,1000,22050,closedhat_0013
242,1,0,0,1000,22050,closedhat_0014
243,1,0,0,1000,22050,closedhat_0015
244,1,0,0,1000,22050,closedhat_0016
245,1,0,0,1000,22050,closedhat_0017
246,1,0,0,1000,22050,closedhat_0018
247,1,0,0,1000,22050,closedhat_0019
248,1,0,0,1000,22050,closedhat_0020
249,1,0,0,1000,22050,closedhat_0021
250,1,0,0,1000,22050,closedhat_0022
251,1,0,0,1000,22050,closedhat_0023
252,1,0,0,1000,22050,closedhat_0024
253,1,0,0,1000,22050,closedhat_0025
254,1,0,0,1000,22050,closedhat_0026
255,1,0,0,1000,22050,closedhat_0027
256,1,0,0,1000,22050,closedhat_0028
257,1,0,0,1000,22050,closedhat_0029
258,1,0,0,1000,22050,closedhat_0030
259,1,0,0,1000,22050,closedhat_0031
260,1,0,0,1000,22050,closedhat_0032
261,1,0,0,1000,22050,closedhat_0033
262,1,0,0,1000,22050,closedhat_0034
263,1,0,0,1000,22050,closedhat_0035
264,1,0,0,1000,22050,closedhat_0036
265,1,0,0,1000,22050,closedhat_0037
266,1,0,0,1000,22050,closedhat_0038
267,1,0,0,1000,22050,closedhat_0039
268,1,0,0,1000,22050,closedhat_0040
269,1,0,0,1000,22050,closedhat_0041
270,1,0,0,1000,22050,closedhat_0042
271,1,0,0,1000,22050,closedhat_0043
272,1,0,0,1000,22050,closedhat_0044
273,1,0,0,1000,22050,closedhat_0045
274,1,0,0,1000,22050,closedhat_0046
275,1,0,0,1000,22050,closedhat_0047
276,1,0,0,1000,22050,closedhat_0048
277,1,0,0,1000,22050,closedhat_0049
278,1,0,0,1000,22050,closedhat_0050
279,1,0,0,1000,22050,closedhat_0051
280,1,0,0,1000,22050,closedhat_0052
281,1,0,0,1000,22050,closedhat_0053
282,1,0,0,1000,22050,closedhat_0054
283,1,0,0,1000,22050,closedhat_0055
284,1,0,0,1000,22050,closedhat_0056
285,1,0,0,1000,22050,closedhat_0057
286,1,0,0,1000,22050,closedhat_0058
287,1,0,0,1000,22050,closedhat_0059
288,1,0,0,1000,22050,closedhat_0060
289,1,0,0,1000,22050,closedhat_0061
290,1,0,0,1000,22050,closedhat_0062
291,1,0,0,1000,22050,closedhat_0063
292,1,0,0,1000,22050,closedhat_0064
293,1,0,0,1000,22050,closedhat_0065
294,1,0,0,1000,22050,closedhat_0066
295,1,0,0,1000,22050,closedhat_0067
296,1,0,0,1000,22050,closedhat_0068
297,1,0,0,1000,22050,closedhat_0069
298,1,0,0,1000,22050,closedhat_0070
299,1,0,0,1000,22050,closedhat_0071
300,1,0,0,1000,22050,closedhat_0072
301,1,0,0,1000,22050,closedhat_0073
302,1,0,0,1000,22050,closedhat_0074
303,1,0,0,1000,22050,closedhat_0075
304,1,0,0,1000,22050,closedhat_0076
305,1,0,0,1000,22050,closedhat_0077
306,1,0,0,1000,22050,closedhat_0078
307,1,0,0,1000,22050,closedhat_0079
308,1,0,0,1000,22050,closedhat_0080
309,1,0,0,1000,22050,closedhat_0081
310,1,0,0,1000,22050,closedhat_0082
311,1,0,0,1000,22050,closedhat_0083
312,1,0,0,1000,22050,closedhat_0084
313,1,0,0,1000,22050,closedhat_0085
314,1,0,0,1000,22050,closedhat_0086
315,1,0,0,1000,22050,closedhat_0087
316,1,0,0,1000,22050,closedhat_0088
317,1,0,0,1000,22050,closedhat_0089
318,1,0,0,1000,22050,closedhat_0090
319,1,0,0,1000,22050,closedhat_0091
320,1,0,0,1000,22050,closedhat_0092
321,1,0,0,1000,22050,closedhat_0093
322,1,0,0,1000,22050,closedhat_0094
323,1,0,0,1000,22050,closedhat_0095
324,1,0,0,1000,22050,closedhat_0096
325,1,0,0,1000,22050,closedhat_0097
326,1,0,0,1000,22050,closedhat_0098
327,1,0,0,1000,22050,closedhat_0099
328,1,0,0,1000,22050,closedhat_0100
329,1,0,0,1000,22050,closedhat_0101
330,1,0,0,1000,22050,closedhat_0102
331,1,0,0,1000,22050,closedhat_0103
332,1,0,0,1000,22050,closedhat_0104
333,1,0,0,1000,22050,closedhat_0105
334,1,0,0,1000,22050,closedhat_0106
335,1,0,0,1000,22050,closedhat_0107
336,1,0,0,1000,22050,closedhat_0108
337,1,0,0,1000,22050,closedhat_0109
338,1,0,0,1000,22050,closedhat_0110
339,1,0,0,1000,22050,closedhat_0111
340,1,0,0,1000,22050,closedhat_0112
341,1,0,0,1000,22050,closedhat_0113
342,1,0,0,1000,22050,closedhat_0114
343,1,0,0,1000,22050,closedhat_0115
344,1,0,0,1000,22050,closedhat_0116
345,1,0,0,1000,22050,closedhat_0117
346,1,0,0,1000,22050,closedhat_0118
347,1,0,0,1000,22050,closedhat_0119
348,1,0,0,1000,22050,closedhat_0120
349,1,0,0,1000,22050,closedhat_0121
350,1,0,0,1000,22050,closedhat_0122
351,1,0,0,1000,22050,closedhat_0123
352,1,0,0,1000,22050,closedhat_0124
353,1,0,0,1000,22050,closedhat_0125
354,1,0,0,1000,22050,closedhat_0126
355,1,0,0,1000,22050,closedhat_0127
356,1,0,0,1000,22050,closedhat_0128
357,1,0,0,1000,22050,closedhat_0129
358,1,0,0,1000,22050,closedhat_0130
359,1,0,0,1000,22050,closedhat_0131
360,1,0,0,1000,22050,closedhat_0132
361,1,0,0,1000,22050,closedhat_0133
362,1,0,0,1000,22050,closedhat_0134
363,1,0,0,1000,22050,closedhat_0135
364,1,0,0,1000,22050,closedhat_0136
365,1,0,0,1000,22050,closedhat_0137
366,1,0,0,1000,22050,closedhat_0138
367,1,0,0,1000,22050,closedhat_0139
368,1,0,0,1000,22050,closedhat_0140
369,1,0,0,1000,22050,closedhat_0141
370,1,0,0,1000,22050,closedhat_0142
371,1,0,0,1000,22050,closedhat_0143
372,1,0,0,1000,22050,closedhat_0144
373,1,0,0,1000,22050,closedhat_0145
374,1,0,0,1000,22050,closedhat_0146
375,1,0,0,1000,22050,closedhat_0147
376,1,0,0,1000,22050,closedhat_0148
377,1,0,0,1000,22050,closedhat_0149
378,1,0,0,1000,22050,closedhat_0150
379,1,0,0,1000,22050,closedhat_0151
380,1,0,0,1000,22050,closedhat_0152
381,1,0,0,1000,22050,closedhat_0153
382,1,0,0,1000,22050,closedhat_0154
383,1,0,0,1000,22050,closedhat_0155
384,1,0,0,1000,22050,closedhat_0156
385,1,0,0,1000,22050,closedhat_0157
386,1,0,0,1000,22050,closedhat_0158
387,1,0,0,1000,22050,closedhat_0159
388,1,0,0,1000,22050,closedhat_0160
389,1,0,0,1000,22050,closedhat_0161
390,1,0,0,1000,22050,closedhat_0162
391,1,0,0,1000,22050,closedhat_0163
392,1,0,0,1000,22050,closedhat_0164
393,1,0,0,1000,22050,closedhat_0165
394,1,0,0,1000,22050,closedhat_0166
395,1,0,0,1000,22050,closedhat_0167
396,1,0,0,1000,22050,closedhat_0168
397,1,0,0,1000,22050,closedhat_0169
398,1,0,0,1000,22050,closedhat_0170
399,1,0,0,1000,22050,closedhat_0171
400,1,0,0,1000,22050,closedhat_0172
401,1,0,0,1000,22050,closedhat_0173
402,1,0,0,1000,22050,closedhat_0174
403,1,0,0,1000,22050,closedhat_0175
404,1,0,0,1000,22050,closedhat_0176
405,1,0,0,1000,22050,closedhat_0177
406,1,0,0,1000,22050,closedhat_0178
407,1,0,0,1000,22050,closedhat_0179
408,1,0,0,1000,22050,closedhat_0180
409,1,0,0,1000,22050,closedhat_0181
410,1,0,0,1000,22050,closedhat_0182
411,1,0,0,1000,22050,closedhat_0183
412,1,0,0,1000,22050,closedhat_0184
413,1,0,0,1000,22050,closedhat_0185
414,1,0,0,1000,22050,closedhat_0186
415,1,0,0,1000,22050,closedhat_0187
416,1,0,0,1000,22050,closedhat_0188
417,1,0,0,1000,22050,closedhat_0189
418,1,0,0,1000,22050,closedhat_0190
419,1,0,0,1000,22050,closedhat_0191
420,1,0,0,1000,22050,closedhat_0192
421,1,0,0,1000,22050,closedhat_0193
422,1,0,0,1000,22050,closedhat_0194
423,1,0,0,1000,22050,closedhat_0195
424,1,0,0,1000,22050,closedhat_0196
425,1,0,0,1000,22050,closedhat_0197
426,1,0,0,1000,22050,closedhat_0198
427,1,0,0,1000,22050,closedhat_0199
428,1,0,0,1000,22050,closedhat_0200
429,1,0,0,1000,22050,closedhat_0201
430,1,0,0,1000,22050,closedhat_0202
431,1,0,0,1000,22050,closedhat_0203
432,1,0,0,1000,22050,closedhat_0204
433,1,0,0,1000,22050,closedhat_0205
434,1,0,0,1000,22050,closedhat_0206
435,1,0,0,1000,22050,closedhat_0207
436,1,0,0,1000,22050,closedhat_0208
437,1,0,0,1000,22050,closedhat_0209
438,1,0,0,1000,22050,closedhat_0210
439,1,0,0,1000,22050,closedhat_0211
440,1,0,0,1000,22050,closedhat_0212
441,1,0,0,1000,22050,closedhat_0213
442,1,0,0,1000,22050,closedhat_0214
443,1,0,0,1000,22050,closedhat_0215
444,1,0,0,1000,22050,closedhat_0216
445,1,0,0,1000,22050,closedhat_0217
446,1,0,0,1000,22050,closedhat_0218
447,1,0,0,1000,22050,closedhat_0219
448,1,0,0,1000,22050,closedhat_0220
449,1,0,0,1000,22050,closedhat_0221
450,1,0,0,1000,22050,closedhat_0222
451,1,0,0,1000,22050,closedhat_0223
452,1,0,0,1000,22050,closedhat_0224
453,1,0,0,1000,22050,closedhat_0225
454,1,0,0,1000,22050,closedhat_0226
455,1,0,0,1000,22050,closedhat_0227
456,1,0,0,1000,22050,closedhat_0228
457,1,0,0,1000,22050,closedhat_0229
458,1,0,0,1000,22050,closedhat_0230
459,1,0,0,1000,22050,closedhat_0231
460,1,0,0,1000,22050,closedhat_0232
461,1,0,0,1000,22050,closedhat_0233
462,1,0,0,1000,22050,closedhat_0234
463,1,0,0,1000,22050,closedhat_0235
464,1,0,0,1000,22050,closedhat_0236
465,1,0,0,1000,22050,closedhat_0237
466,1,0,0,1000,22050,closedhat_0238
467,1,0,0,1000,22050,closedhat_0239
468,1,0,0,1000,22050,closedhat_0240
469,1,0,0,1000,22050,closedhat_0241
470,1,0,0,1000,22050,closedhat_0242
471,2,0,0,1000,22050,kick_0001
472,2,0,0,1000,22050,kick_0002
473,2,0,0,1000,22050,kick_0003
474,2,0,0,1000,22050,kick_0004
475,2,0,0,1000,22050,kick_0005
476,2,0,0,1000,22050,kick_0006
477,2,0,0,1000,22050,kick_0007
478,2,0,0,1000,22050,kick_0008
479,2,0,0,1000,22050,kick_0009
480,2,0,0,1000,22050,kick_0010
481,2,0,0,1000,22050,kick_0011
482,2,0,0,1000,22050,kick_0012
483,2,0,0,1000,22050,kick_0013
484,2,0,0,1000,22050,kick_0014
485,2,0,0,1000,22050,kick_0015
486,2,0,0,1000,22050,kick_0016
487,2,0,0,1000,22050,kick_0017
488,2,0,0,1000,22050,kick_0018
489,2,0,0,1000,22050,kick_0019
490,2,0,0,1000,22050,kick_0020
491,2,0,0,1000,22050,kick_0021
492,2,0,0,1000,22050,kick_0022
493,2,0,0,1000,22050,kick_0023
494,2,0,0,1000,22050,kick_0024
495,2,0,0,1000,22050,kick_0025
496,2,0,0,1000,22050,kick_0026
497,2,0,0,1000,22050,kick_0027
498,2,0,0,1000,22050,kick_0028
499,2,0,0,1000,22050,kick_0029
500,2,0,0,1000,22050,kick_0030
501,2,0,0,1000,22050,kick_0031
502,2,0,0,1000,22050,kick_0032
503,2,0,0,1000,22050,kick_0033
504,2,0,0,1000,22050,kick_0034
505,2,0,0,1000,22050,kick_0035
506,2,0,0,1000,22050,kick_0036
507,2,0,0,1000,22050,kick_0037
508,2,0,0,1000,22050,kick_0038
509,2,0,0,1000,22050,kick_0039
510,2,0,0,1000,22050,kick_0040
511,2,0,0,1000,22050,kick_0041
512,2,0,0,1000,22050,kick_0042
513,2,0,0,1000,22050,kick_0043
514,2,0,0,1000,22050,kick_0044
515,2,0,0,1000,22050,kick_0045
516,2,0,0,1000,22050,kick_0046
517,2,0,0,1000,22050,kick_0047
518,2,0,0,1000,22050,kick_0048
519,2,0,0,1000,22050,kick_0049
520,2,0,0,1000,22050,kick_0050
521,2,0,0,1000,22050,kick_0051
522,2,0,0,1000,22050,kick_0052
523,2,0,0,1000,22050,kick_0053
524,2,0,0,1000,22050,kick_0054
525,2,0,0,1000,22050,kick_0055
526,2,0,0,1000,22050,kick_0056
527,2,0,0,1000,22050,kick_0057
528,2,0,0,1000,22050,kick_0058
529,2,0,0,1000,22050,kick_0059
530,2,0,0,1000,22050,kick_0060
531,2,0,0,1000,22050,kick_0061
532,2,0,0,1000,22050,kick_0062
533,2,0,0,1000,22050,kick_0063
534,2,0,0,1000,22050,kick_0064
535,2,0,0,1000,22050,kick_0065
536,2,0,0,1000,22050,kick_0066
537,2,0,0,1000,22050,kick_0067
538,2,0,0,1000,22050,kick_0068
539,2,0,0,1000,22050,kick_0069
540,2,0,0,1000,22050,kick_0070
541,2,0,0,1000,22050,kick_0071
542,2,0,0,1000,22050,kick_0072
543,2,0,0,1000,22050,kick_0073
544,2,0,0,1000,22050,kick_0074
545,2,0,0,1000,22050,kick_0075
546,2,0,0,1000,22050,kick_0076
547,2,0,0,1000,22050,kick_0077
548,2,0,0,1000,22050,kick_0078
549,2,0,0,1000,22050,kick_0079
550,2,0,0,1000,22050,kick_0080
551,2,0,0,1000,22050,kick_0081
552,2,0,0,1000,22050,kick_0082
553,2,0,0,1000,22050,kick_0083
554,2,0,0,1000,22050,kick_0084
555,2,0,0,1000,22050,kick_0085
556,2,0,0,1000,22050,kick_0086
557,2,0,0,1000,22050,kick_0087
558,2,0,0,1000,22050,kick_0088
559,2,0,0,1000,22050,kick_0089
560,2,0,0,1000,22050,kick_0090
561,2,0,0,1000,22050,kick_0091
562,2,0,0,1000,22050,kick_0092
563,2,0,0,1000,22050,kick_0093
564,2,0,0,1000,22050,kick_0094
565,2,0,0,1000,22050,kick_0095
566,2,0,0,1000,22050,kick_0096
567,2,0,0,1000,22050,kick_0097
568,2,0,0,1000,22050,kick_0098
569,2,0,0,1000,22050,kick_0099
570,2,0,0,1000,22050,kick_0100
571,2,0,0,1000,22050,kick_0101
572,2,0,0,1000,22050,kick_0102
573,2,0,0,1000,22050,kick_0103
574,2,0,0,1000,22050,kick_0104
575,2,0,0,1000,22050,kick_0105
576,2,0,0,1000,22050,kick_0106
577,2,0,0,1000,22050,kick_0107
578,2,0,0,1000,22050,kick_0108
579,2,0,0,1000,22050,kick_0109
580,2,0,0,1000,22050,kick_0110
581,2,0,0,1000,22050,kick_0111
582,2,0,0,1000,22050,kick_0112
583,2,0,0,1000,22050,kick_0113
584,2,0,0,1000,22050,kick_0114
585,2,0,0,1000,22050,kick_0115
586,2,0,0,1000,22050,kick_0116
587,2,0,0,1000,22050,kick_0117
588,2,0,0,1000,22050,kick_0118
589,2,0,0,1000,22050,kick_0119
590,2,0,0,1000,22050,kick_0120
591,2,0,0,1000,22050,kick_0121
592,2,0,0,1000,22050,kick_0122
593,2,0,0,1000,22050,kick_0123
594,2,0,0,1000,22050,kick_0124
595,2,0,0,1000,22050,kick_0125
596,2,0,0,1000,22050,kick_0126
597,2,0,0,1000,22050,kick_0127
598,2,0,0,1000,22050,kick_0128
599,2,0,0,1000,22050,kick_0129
600,2,0,0,1000,22050,kick_0130
601,2,0,0,1000,22050,kick_0131
602,2,0,0,1000,22050,kick_0132
603,2,0,0,1000,22050,kick_0133
604,2,0,0,1000,22050,kick_0134
605,2,0,0,1000,22050,kick_0135
606,2,0,0,1000,22050,kick_0136
607,2,0,0,1000,22050,kick_0137
608,2,0,0,1000,22050,kick_0138
609,2,0,0,1000,22050,kick_0139
610,2,0,0,1000,22050,kick_0140
611,2,0,0,1000,22050,kick_0141
612,2,0,0,1000,22050,kick_0142
613,2,0,0,1000,22050,kick_0143
614,2,0,0,1000,22050,kick_0144
615,2,0,0,1000,22050,kick_0145
616,2,0,0,1000,22050,kick_0146
617,2,0,0,1000,22050,kick_0147
618,2,0,0,1000,22050,kick_0148
619,2,0,0,1000,22050,kick_0149
620,2,0,0,1000,22050,kick_0150
621,2,0,0,1000,22050,kick_0151
622,2,0,0,1000,22050,kick_0152
623,2,0,0,1000,22050,kick_0153
624,2,0,0,1000,22050,kick_0154
625,2,0,0,1000,22050,kick_0155
626,2,0,0,1000,22050,kick_0156
627,2,0,0,1000,22050,kick_0157
628,2,0,0,1000,22050,kick_0158
629,2,0,0,1000,22050,kick_0159
630,2,0,0,1000,22050,kick_0160
631,2,0,0,1000,22050,kick_0161
632,2,0,0,1000,22050,kick_0162
633,2,0,0,1000,22050,kick_0163
634,2,0,0,1000,22050,kick_0164
635,2,0,0,1000,22050,kick_0165
636,2,0,0,1000,22050,kick_0166
637,2,0,0,1000,22050,kick_0167
638,2,0,0,1000,22050,kick_0168
639,2,0,0,1000,22050,kick_0169
640,2,0,0,1000,22050,kick_0170
641,2,0,0,1000,22050,kick_0171
642,2,0,0,1000,22050,kick_0172
643,2,0,0,1000,22050,kick_0173
644,2,0,0,1000,22050,kick_0174
645,2,0,0,1000,22050,kick_0175
646,2,0,0,1000,22050,kick_0176
647,2,0,0,1000,22050,kick_0177
648,2,0,0,1000,22050,kick_0178
649,2,0,0,1000,22050,kick_0179
650,2,0,0,1000,22050,kick_0180
651,2,0,0,1000,22050,kick_0181
652,2,0,0,1000,22050,kick_0182
653,2,0,0,1000,22050,kick_0183
654,2,0,0,1000,22050,kick_0184
655,2,0,0,1000,22050,kick_0185
656,2,0,0,1000,22050,kick_0186
657,2,0,0,1000,22050,kick_0187
658,2,0,0,1000,22050,kick_0188
659,2,0,0,1000,22050,kick_0189
660,2,0,0,1000,22050,kick_0190
661,2,0,0,1000,22050,kick_0191
662,2,0,0,1000,22050,kick_0192
663,2,0,0,1000,22050,kick_0193
664,2,0,0,1000,22050,kick_0194
665,2,0,0,1000,22050,kick_0195
666,2,0,0,1000,22050,kick_0196
667,2,0,0,1000,22050,kick_0197
668,2,0,0,1000,22050,kick_0198
669,2,0,0,1000,22050,kick_0199
670,2,0,0,1000,22050,kick_0200
671,2,0,0,1000,22050,kick_0201
672,2,0,0,1000,22050,kick_0202
673,2,0,0,1000,22050,kick_0203
674,2,0,0,1000,22050,kick_0204
675,2,0,0,1000,22050,kick_0205
676,2,0,0,1000,22050,kick_0206
677,2,0,0,1000,22050,kick_0207
678,2,0,0,1000,22050,kick_0208
679,2,0,0,1000,22050,kick_0209
680,2,0,0,1000,22050,kick_0210
681,2,0,0,1000,22050,kick_0211
682,2,0,0,1000,22050,kick_0212
683,2,0,0,1000,22050,kick_0213
684,2,0,0,1000,22050,kick_0214
685,2,0,0,1000,22050,kick_0215
686,2,0,0,1000,22050,kick_0216
687,2,0,0,1000,22050,kick_0217
688,2,0,0,1000,22050,kick_0218
689,2,0,0,1000,22050,kick_0219
690,2,0,0,1000,22050,kick_0220
691,2,0,0,1000,22050,kick_0221
692,2,0,0,1000,22050,kick_0222
693,2,0,0,1000,22050,kick_0223
694,2,0,0,1000,22050,kick_0224
695,2,0,0,1000,22050,kick_0225
696,2,0,0,1000,22050,kick_0226
697,2,0,0,1000,22050,kick_0227
698,2,0,0,1000,22050,kick_0228
699,2,0,0,1000,22050,kick_0229
700,2,0,0,1000,22050,kick_0230
701,2,0,0,1000,22050,kick_0231
702,2,0,0,1000,22050,kick_0232
703,2,0,0,1000,22050,kick_0233
704,2,0,0,1000,22050,kick_0234
705,2,0,0,1000,22050,kick_0235
706,2,0,0,1000,22050,kick_0236
707,2,0,0,1000,22050,kick_0237
708,2,0,0,1000,22050,kick_0238
709,2,0,0,1000,22050,kick_0239
710,2,0,0,1000,22050,kick_0240
711,2,0,0,1000,22050,kick_0241
712,2,0,0,1000,22050,kick_0242
713,2,0,0,1000,22050,kick_0243
714,2,0,0,1000,22050,kick_0244
715,2,0,0,1000,22050,kick_0245
716,2,0,0,1000,22050,kick_0246
717,2,0,0,1000,22050,kick_0247
718,2,0,0,1000,22050,kick_0248
719,2,0,0,1000,22050,kick_0249
720,2,0,0,1000,22050,kick_0250
721,2,0,0,1000,22050,kick_0251
722,2,0,0,1000,22050,kick_0252
723,2,0,0,1000,22050,kick_0253
724,2,0,0,1000,22050,kick_0254
725,2,0,0,1000,22050,kick_0255
726,2,0,0,1000,22050,kick_0256
727,2,0,0,1000,22050,kick_0257
728,2,0,0,1000,22050,kick_0258
729,2,0,0,1000,22050,kick_0259
730,2,0,0,1000,22050,kick_0260
731,2,0,0,1000,22050,kick_0261
732,2,0,0,1000,22050,kick_0262
733,2,0,0,1000,22050,kick_0263
734,2,0,0,1000,22050,kick_0264
735,2,0,0,1000,22050,kick_0265
736,2,0,0,1000,22050,kick_0266
737,2,0,0,1000,22050,kick_0267
738,2,0,0,1000,22050,kick_0268
739,2,0,0,1000,22050,kick_0269
740,2,0,0,1000,22050,kick_0270
741,2,0,0,1000,22050,kick_0271
742,2,0,0,1000,22050,kick_0272
743,2,0,0,1000,22050,kick_0273
744,2,0,0,1000,22050,kick_0274
745,2,0,0,1000,22050,kick_0275
746,2,0,0,1000,22050,kick_0276
747,2,0,0,1000,22050,kick_0277
748,2,0,0,1000,22050,kick_0278
749,2,0,0,1000,22050,kick_0279
750,2,0,0,1000,22050,kick_0280
751,2,0,0,1000,22050,kick_0281
752,2,0,0,1000,22050,kick_0282
753,2,0,0,1000,22050,kick_0283
754,2,0,0,1000,22050,kick_0284
755,2,0,0,1000,22050,kick_0285
756,2,0,0,1000,22050,kick_0286
757,2,0,0,1000,22050,kick_0287
758,2,0,0,1000,22050,kick_0288
759,2,0,0,1000,22050,kick_0289
760,2,0,0,1000,22050,kick_0290
761,2,0,0,1000,22050,kick_0291
762,2,0,0,1000,22050,kick_0292
763,2,0,0,1000,22050,kick_0293
764,2,0,0,1000,22050,kick_0294
765,2,0,0,1000,22050,kick_0295
766,2,0,0,1000,22050,kick_0296
767,2,0,0,1000,22050,kick_0297
768,2,0,0,1000,22050,kick_0298
769,2,0,0,1000,22050,kick_0299
770,2,0,0,1000,22050,kick_0300
771,2,0,0,1000,22050,kick_0301
772,2,0,0,1000,22050,kick_0302
773,2,0,0,1000,22050,kick_0303
774,2,0,0,1000,22050,kick_0304
775,2,0,0,1000,22050,kick_0305
776,2,0,0,1000,22050,kick_0306
777,2,0,0,1000,22050,kick_0307
778,2,0,0,1000,22050,kick_0308
779,2,0,0,1000,22050,kick_0309
780,2,0,0,1000,22050,kick_0310
781,2,0,0,1000,22050,kick_0311
782,2,0,0,1000,22050,kick_0312
783,2,0,0,1000,22050,kick_0313
784,2,0,0,1000,22050,kick_0314
785,2,0,0,1000,22050,kick_0315
786,2,0,0,1000,22050,kick_0316
787,2,0,0,1000,22050,kick_0317
788,2,0,0,1000,22050,kick_0318
789,2,0,0,1000,22050,kick_0319
790,2,0,0,1000,22050,kick_0320
791,2,0,0,1000,22050,kick_0321
792,2,0,0,1000,22050,kick_0322
793,2,0,0,1000,22050,kick_0323
794,2,0,0,1000,22050,kick_0324
795,2,0,0,1000,22050,kick_0325
796,2,0,0,1000,22050,kick_0326
797,2,0,0,1000,22050,kick_0327
798,2,0,0,1000,22050,kick_0328
799,2,0,0,1000,22050,kick_0329
800,2,0,0,1000,22050,kick_0330
801,2,0,0,1000,22050,kick_0331
802,2,0,0,1000,22050,kick_0332
803,2,0,0,1000,22050,kick_0333
804,2,0,0,1000,22050,kick_0334
805,2,0,0,1000,22050,kick_0335
806,2,0,0,1000,22050,kick_0336
807,2,0,0,1000,22050,kick_0337
808,2,0,0,1000,22050,kick_0338
809,2,0,0,1000,22050,kick_0339
810,2,0,0,1000,22050,kick_0340
811,2,0,0,1000,22050,kick_0341
812,2,0,0,1000,22050,kick_0342
813,2,0,0,1000,22050,kick_0343
814,2,0,0,1000,22050,kick_0344
815,2,0,0,1000,22050,kick_0345
816,2,0,0,1000,22050,kick_0346
817,2,0,0,1000,22050,kick_0347
818,2,0,0,1000,22050,kick_0348
819,2,0,0,1000,22050,kick_0349
820,2,0,0,1000,22050,kick_0350
821,2,0,0,1000,22050,kick_0351
822,2,0,0,1000,22050,kick_0352
823,2,0,0,1000,22050,kick_0353
824,2,0,0,1000,22050,kick_0354
825,2,0,0,1000,22050,kick_0355
826,2,0,0,1000,22050,kick_0356
827,2,0,0,1000,22050,kick_0357
828,2,0,0,1000,22050,kick_0358
829,2,0,0,1000,22050,kick_0359
830,2,0,0,1000,22050,kick_0360
831,2,0,0,1000,22050,kick_0361
832,2,0,0,1000,22050,kick_0362
833,2,0,0,1000,22050,kick_0363
834,2,0,0,1000,22050,kick_0364
835,2,0,0,1000,22050,kick_0365
836,2,0,0,1000,22050,kick_0366
837,2,0,0,1000,22050,kick_0367
838,2,0,0,1000,22050,kick_0368
839,2,0,0,1000,22050,kick_0369
840,2,0,0,1000,22050,kick_0370
841,2,0,0,1000,22050,kick_0371
842,2,0,0,1000,22050,kick_0372
843,2,0,0,1000,22050,kick_0373
844,2,0,0,1000,22050,kick_0374
845,2,0,0,1000,22050,kick_0375
846,2,0,0,1000,22050,kick_0376
847,2,0,0,1000,22050,kick_0377
848,2,0,0,1000,22050,kick_0378
849,2,0,0,1000,22050,kick_0379
850,2,0,0,1000,22050,kick_0380
851,2,0,0,1000,22050,kick_0381
852,2,0,0,1000,22050,kick_0382
853,2,0,0,1000,22050,kick_0383
854,2,0,0,1000,22050,kick_0384
855,2,0,0,1000,22050,kick_0385
856,2,0,0,1000,22050,kick_0386
857,2,0,0,1000,22050,kick_0387
858,2,0,0,1000,22050,kick_0388
859,2,0,0,1000,22050,kick_0389
860,2,0,0,1000,22050,kick_0390
861,2,0,0,1000,22050,kick_0391
862,2,0,0,1000,22050,kick_0392
863,2,0,0,1000,22050,kick_0393
864,2,0,0,1000,22050,kick_0394
865,2,0,0,1000,22050,kick_0395
866,2,0,0,1000,22050,kick_0396
867,2,0,0,1000,22050,kick_0397
868,2,0,0,1000,22050,kick_0398
869,2,0,0,1000,22050,kick_0399
870,2,0,0,1000,22050,kick_0400
871,2,0,0,1000,22050,kick_0401
872,2,0,0,1000,22050,kick_0402
873,2,0,0,1000,22050,kick_0403
874,2,0,0,1000,22050,kick_0404
875,2,0,0,1000,22050,kick_0405
876,2,0,0,1000,22050,kick_0406
877,2,0,0,1000,22050,kick_0407
878,2,0,0,1000,22050,kick_0408
879,2,0,0,1000,22050,kick_0409
880,2,0,0,1000,22050,kick_0410
881,2,0,0,1000,22050,kick_0411
882,2,0,0,1000,22050,kick_0412
883,2,0,0,1000,22050,kick_0413
884,2,0,0,1000,22050,kick_0414
885,2,0,0,1000,22050,kick_0415
886,2,0,0,1000,22050,kick_0416
887,2,0,0,1000,22050,kick_0417
888,2,0,0,1000,22050,kick_0418
889,2,0,0,1000,22050,kick_0419
890,2,0,0,1000,22050,kick_0420
891,2,0,0,1000,22050,kick_0421
892,2,0,0,1000,22050,kick_0422
893,2,0,0,1000,22050,kick_0423
894,2,0,0,1000,22050,kick_0424
895,2,0,0,1000,22050,kick_0425
896,2,0,0,1000,22050,kick_0426
897,2,0,0,1000,22050,kick_0427
898,2,0,0,1000,22050,kick_0428
899,2,0,0,1000,22050,kick_0429
900,2,0,0,1000,22050,kick_0430
901,2,0,0,1000,22050,kick_0431
902,2,0,0,1000,22050,kick_0432
903,2,0,0,1000,22050,kick_0433
904,2,0,0,1000,22050,kick_0434
905,2,0,0,1000,22050,kick_0435
906,2,0,0,1000,22050,kick_0436
907,2,0,0,1000,22050,kick_0437
908,2,0,0,1000,22050,kick_0438
909,2,0,0,1000,22050,kick_0439
910,2,0,0,1000,22050,kick_0440
911,2,0,0,1000,22050,kick_0441
912,2,0,0,1000,22050,kick_0442
913,2,0,0,1000,22050,kick_0443
914,2,0,0,1000,22050,kick_0444
915,2,0,0,1000,22050,kick_0445
916,2,0,0,1000,22050,kick_0446
917,2,0,0,1000,22050,kick_0447
918,2,0,0,1000,22050,kick_0448
919,2,0,0,1000,22050,kick_0449
920,2,0,0,1000,22050,kick_0450
921,2,0,0,1000,22050,kick_0451
922,2,0,0,1000,22050,kick_0452
923,2,0,0,1000,22050,kick_0453
924,2,0,0,1000,22050,kick_0454
925,2,0,0,1000,22050,kick_0455
926,2,0,0,1000,22050,kick_0456
927,2,0,0,1000,22050,kick_0457
928,2,0,0,1000,22050,kick_0458
929,2,0,0,1000,22050,kick_0459
930,2,0,0,1000,22050,kick_0460
931,2,0,0,1000,22050,kick_0461
932,2,0,0,1000,22050,kick_0462
933,2,0,0,1000,22050,kick_0463
934,2,0,0,1000,22050,kick_0464
935,2,0,0,1000,22050,kick_0465
936,2,0,0,1000,22050,kick_0466
937,2,0,0,1000,22050,kick_0467
938,2,0,0,1000,22050,kick_0468
939,2,0,0,1000,22050,kick_0469
940,2,0,0,1000,22050,kick_0470
941,2,0,0,1000,22050,kick_0471
942,2,0,0,1000,22050,kick_0472
943,2,0,0,1000,22050,kick_0473
944,2,0,0,1000,22050,kick_0474
945,2,0,0,1000,22050,kick_0475
946,2,0,0,1000,22050,kick_0476
947,2,0,0,1000,22050,kick_0477
948,2,0,0,1000,22050,kick_0478
949,2,0,0,1000,22050,kick_0479
950,2,0,0,1000,22050,kick_0480
951,2,0,0,1000,22050,kick_0481
952,2,0,0,1000,22050,kick_0482
953,2,0,0,1000,22050,kick_0483
954,2,0,0,1000,22050,kick_0484
955,2,0,0,1000,22050,kick_0485
956,2,0,0,1000,22050,kick_0486
957,2,0,0,1000,22050,kick_0487
958,2,0,0,1000,22050,kick_0488
959,2,0,0,1000,22050,kick_0489
960,2,0,0,1000,22050,kick_0490
961,2,0,0,1000,22050,kick_0491
962,2,0,0,1000,22050,kick_0492
963,2,0,0,1000,22050,kick_0493
964,2,0,0,1000,22050,kick_0494
965,2,0,0,1000,22050,kick_0495
966,2,0,0,1000,22050,kick_0496
967,2,0,0,1000,22050,kick_0497
968,2,0,0,1000,22050,kick_0498
969,2,0,0,1000,22050,kick_0499
970,2,0,0,1000,22050,kick_0500
971,2,0,0,1000,22050,kick_0501
972,2,0,0,1000,22050,kick_0502
973,2,0,0,1000,22050,kick_0503
974,2,0,0,1000,22050,kick_0504
975,2,0,0,1000,22050,kick_0505
976,2,0,0,1000,22050,kick_0506
977,2,0,0,1000,22050,kick_0507
978,2,0,0,1000,22050,kick_0508
979,2,0,0,1000,22050,kick_0509
980,2,0,0,1000,22050,kick_0510
981,2,0,0,1000,22050,kick_0511
982,2,0,0,1000,22050,kick_0512
983,2,0,0,1000,22050,kick_0513
984,2,0,0,1000,22050,kick_0514
985,2,0,0,1000,22050,kick_0515
986,2,0,0,1000,22050,kick_0516
987,2,0,0,1000,22050,kick_0517
988,2,0,0,1000,22050,kick_0518
989,2,0,0,1000,22050,kick_0519
990,2,0,0,1000,22050,kick_0520
991,2,0,0,1000,22050,kick_0521
992,2,0,0,1000,22050,kick_0522
993,2,0,0,1000,22050,kick_0523
994,2,0,0,1000,22050,kick_0524
995,2,0,0,1000,22050,kick_0525
996,2,0,0,1000,22050,kick_0526
997,2,0,0,1000,22050,kick_0527
998,2,0,0,1000,22050,kick_0528
999,2,0,0,1000,22050,kick_0529
1000,2,0,0,1000,22050,kick_0530
1001,2,0,0,1000,22050,kick_0531
1002,2,0,0,1000,22050,kick_0532
1003,2,0,0,1000,22050,kick_0533
1004,2,0,0,1000,22050,kick_0534
1005,2,0,0,1000,22050,kick_0535
1006,2,0,0,1000,22050,kick_0536
1007,2,0,0,1000,22050,kick_0537
1008,2,0,0,1000,22050,kick_0538
1009,2,0,0,1000,22050,kick_0539
1010,2,0,0,1000,22050,kick_0540
1011,2,0,0,1000,22050,kick_0541
1012,2,0,0,1000,22050,kick_0542
1013,2,0,0,1000,22050,kick_0543
1014,2,0,0,1000,22050,kick_0544
1015,2,0,0,1000,22050,kick_0545
1016,2,0,0,1000,22050,kick_0546
1017,2,0,0,1000,22050,kick_0547
1018,2,0,0,1000,22050,kick_0548
1019,2,0,0,1000,22050,kick_0549
1020,2,0,0,1000,22050,kick_0550
1021,2,0,0,1000,22050,kick_0551
1022,2,0,0,1000,22050,kick_0552
1023,2,0,0,1000,22050,kick_0553
1024,2,0,0,1000,22050,kick_0554
1025,2,0,0,1000,22050,kick_0555
1026,2,0,0,1000,22050,kick_0556
1027,2,0,0,1000,22050,kick_0557
1028,2,0,0,1000,22050,kick_0558
1029,2,0,0,1000,22050,kick_0559
1030,2,0,0,1000,22050,kick_0560
1031,2,0,0,1000,22050,kick_0561
1032,2,0,0,1000,22050,kick_0562
1033,2,0,0,1000,22050,kick_0563
1034,2,0,0,1000,22050,kick_0564
1035,2,0,0,1000,22050,kick_0565
1036,2,0,0,1000,22050,kick_0566
1037,2,0,0,1000,22050,kick_0567
1038,2,0,0,1000,22050,kick_0568
1039,2,0,0,1000,22050,kick_0569
1040,2,0,0,1000,22050,kick_0570
1041,2,0,0,1000,22050,kick_0571
1042,2,0,0,1000,22050,kick_0572
1043,2,0,0,1000,22050,kick_0573
1044,2,0,0,1000,22050,kick_0574
1045,2,0,0,1000,22050,kick_0575
1046,2,0,0,1000,22050,kick_0576
1047,2,0,0,1000,22050,kick_0577
1048,2,0,0,1000,22050,kick_0578
1049,2,0,0,1000,22050,kick_0579
1050,2,0,0,1000,22050,kick_0580
1051,2,0,0,1000,22050,kick_0581
1052,2,0,0,1000,22050,kick_0582
1053,2,0,0,1000,22050,kick_0583
1054,2,0,0,1000,22050,kick_0584
1055,2,0,0,1000,22050,kick_0585
1056,2,0,0,1000,22050,kick_0586
1057,2,0,0,1000,22050,kick_0587
1058,2,0,0,1000,22050,kick_0588
1059,2,0,0,1000,22050,kick_0589
1060,2,0,0,1000,22050,kick_0590
1061,2,0,0,1000,22050,kick_0591
1062,2,0,0,1000,22050,kick_0592
1063,2,0,0,1000,22050,kick_0593
1064,2,0,0,1000,22050,kick_0594
1065,2,0,0,1000,22050,kick_0595
1066,2,0,0,1000,22050,kick_0596
1067,2,0,0,1000,22050,kick_0597
1068,2,0,0,1000,22050,kick_0598
1069,2,0,0,1000,22050,kick_0599
1070,2,0,0,1000,22050,kick_0600
1071,2,0,0,1000,22050,kick_0601
1072,2,0,0,1000,22050,kick_0602
1073,2,0,0,1000,22050,kick_0603
1074,2,0,0,1000,22050,kick_0604
1075,2,0,0,1000,22050,kick_0605
1076,2,0,0,1000,22050,kick_0606
1077,2,0,0,1000,22050,kick_0607
1078,2,0,0,1000,22050,kick_0608
1079,2,0,0,1000,22050,kick_0609
1080,2,0,0,1000,22050,kick_0610
1081,2,0,0,1000,22050,kick_0611
1082,2,0,0,1000,22050,kick_0612
1083,2,0,0,1000,22050,kick_0613
1084,2,0,0,1000,22050,kick_0614
1085,2,0,0,1000,22050,kick_0615
1086,2,0,0,1000,22050,kick_0616
1087,2,0,0,1000,22050,kick_0617
1088,2,0,0,1000,22050,kick_0618
1089,2,0,0,1000,22050,kick_0619
1090,2,0,0,1000,22050,kick_0620
1091,2,0,0,1000,22050,kick_0621
1092,2,0,0,1000,22050,kick_0622
1093,2,0,0,1000,22050,kick_0623
1094,2,0,0,1000,22050,kick_0624
1095,2,0,0,1000,22050,kick_0625
1096,2,0,0,1000,22050,kick_0626
1097,2,0,0,1000,22050,kick_0627
1098,2,0,0,1000,22050,kick_0628
1099,2,0,0,1000,22050,kick_0629
1100,2,0,0,1000,22050,kick_0630
1101,2,0,0,1000,22050,kick_0631
1102,2,0,0,1000,22050,kick_0632
1103,2,0,0,1000,22050,kick_0633
1104,2,0,0,1000,22050,kick_0634
1105,2,0,0,1000,22050,kick_0635
1106,2,0,0,1000,22050,kick_0636
1107,2,0,0,1000,22050,kick_0637
1108,2,0,0,1000,22050,kick_0638
1109,2,0,0,1000,22050,kick_0639
1110,2,0,0,1000,22050,kick_0640
1111,2,0,0,1000,22050,kick_0641
1112,2,0,0,1000,22050,kick_0642
1113,2,0,0,1000,22050,kick_0643
1114,2,0,0,1000,22050,kick_0644
1115,2,0,0,1000,22050,kick_0645
1116,2,0,0,1000,22050,kick_0646
1117,2,0,0,1000,22050,kick_0647
1118,2,0,0,1000,22050,kick_0648
1119,2,0,0,1000,22050,kick_0649
1120,2,0,0,1000,22050,kick_0650
1121,2,0,0,1000,22050,kick_0651
1122,2,0,0,1000,22050,kick_0652
1123,2,0,0,1000,22050,kick_0653
1124,2,0,0,1000,22050,kick_0654
1125,2,0,0,1000,22050,kick_0655
1126,2,0,0,1000,22050,kick_0656
1127,2,0,0,1000,22050,kick_0657
1128,2,0,0,1000,22050,kick_0658
1129,2,0,0,1000,22050,kick_0659
1130,2,0,0,1000,22050,kick_0660
1131,2,0,0,1000,22050,kick_0661
1132,2,0,0,1000,22050,kick_0662
1133,2,0,0,1000,22050,kick_0663
1134,2,0,0,1000,22050,kick_0664
1135,2,0,0,1000,22050,kick_0665
1136,2,0,0,1000,22050,kick_0666
1137,2,0,0,1000,22050,kick_0667
1138,2,0,0,1000,22050,kick_0668
1139,2,0,0,1000,22050,kick_0669
1140,2,0,0,1000,22050,kick_0670
1141,2,0,0,1000,22050,kick_0671
1142,2,0,0,1000,22050,kick_0672
1143,2,0,0,1000,22050,kick_0673
1144,2,0,0,1000,22050,kick_0674
1145,2,0,0,1000,22050,kick_0675
1146,2,0,0,1000,22050,kick_0676
1147,2,0,0,1000,22050,kick_0677
1148,2,0,0,1000,22050,kick_0678
1149,2,0,0,1000,22050,kick_0679
1150,2,0,0,1000,22050,kick_0680
1151,2,0,0,1000,22050,kick_0681
1152,2,0,0,1000,22050,kick_0682
1153,2,0,0,1000,22050,kick_0683
1154,2,0,0,1000,22050,kick_0684
1155,2,0,0,1000,22050,kick_0685
1156,2,0,0,1000,22050,kick_0686
1157,2,0,0,1000,22050,kick_0687
1158,2,0,0,1000,22050,kick_0688
1159,2,0,0,1000,22050,kick_0689
1160,2,0,0,1000,22050,kick_0690
1161,2,0,0,1000,22050,kick_0691
1162,2,0,0,1000,22050,kick_0692
1163,2,0,0,1000,22050,kick_0693
1164,2,0,0,1000,22050,kick_0694
1165,2,0,0,1000,22050,kick_0695
1166,2,0,0,1000,22050,kick_0696
1167,2,0,0,1000,22050,kick_0697
1168,2,0,0,1000,22050,kick_0698
1169,2,0,0,1000,22050,kick_0699
1170,2,0,0,1000,22050,kick_0700
1171,2,0,0,1000,22050,kick_0701
1172,2,0,0,1000,22050,kick_0702
1173,2,0,0,1000,22050,kick_0703
1174,2,0,0,1000,22050,kick_0704
1175,2,0,0,1000,22050,kick_0705
1176,2,0,0,1000,22050,kick_0706
1177,2,0,0,1000,22050,kick_0707
1178,2,0,0,1000,22050,kick_0708
1179,2,0,0,1000,22050,kick_0709
1180,2,0,0,1000,22050,kick_0710
1181,2,0,0,1000,22050,kick_0711
1182,2,0,0,1000,22050,kick_0712
1183,2,0,0,1000,22050,kick_0713
1184,2,0,0,1000,22050,kick_0714
1185,2,0,0,1000,22050,kick_0715
1186,2,0,0,1000,22050,kick_0716
1187,2,0,0,1000,22050,kick_0717
1188,2,0,0,1000,22050,kick_0718
1189,2,0,0,1000,22050,kick_0719
1190,2,0,0,1000,22050,kick_0720
1191,2,0,0,1000,22050,kick_0721
1192,2,0,0,1000,22050,kick_0722
1193,2,0,0,1000,22050,kick_0723
1194,2,0,0,1000,22050,kick_0724
1195,2,0,0,1000,22050,kick_0725
1196,2,0,0,1000,22050,kick_0726
1197,2,0,0,1000,22050,kick_0727
1198,2,0,0,1000,22050,kick_0728
1199,2,0,0,1000,22050,kick_0729
1200,2,0,0,1000,22050,kick_0730
1201,2,0,0,1000,22050,kick_0731
1202,2,0,0,1000,22050,kick_0732
1203,2,0,0,1000,22050,kick_0733
1204,2,0,0,1000,22050,kick_0734
1205,2,0,0,1000,22050,kick_0735
1206,2,0,0,1000,22050,kick_0736
1207,2,0,0,1000,22050,kick_0737
1208,2,0,0,1000,22050,kick_0738
1209,2,0,0,1000,22050,kick_0739
1210,2,0,0,1000,22050,kick_0740
1211,2,0,0,1000,22050,kick_0741
1212,2,0,0,1000,22050,kick_0742
1213,2,0,0,1000,22050,kick_0743
1214,2,0,0,1000,22050,kick_0744
1215,2,0,0,1000,22050,kick_0745
1216,2,0,0,1000,22050,kick_0746
1217,2,0,0,1000,22050,kick_0747
1218,2,0,0,1000,22050,kick_0748
1219,3,0,0,1000,22050,openhat_0001
1220,3,0,0,1000,22050,openhat_0002
1221,3,0,0,1000,22050,openhat_0003
1222,3,0,0,1000,22050,openhat_0004
1223,3,0,0,1000,22050,openhat_0005
1224,3,0,0,1000,22050,openhat_0006
1225,3,0,0,1000,22050,openhat_0007
1226,3,0,0,1000,22050,openhat_0008
1227,3,0,0,1000,22050,openhat_0009
1228,3,0,0,1000,22050,openhat_0010
1229,3,0,0,1000,22050,openhat_0011
1230,3,0,0,1000,22050,openhat_0012
1231,3,0,0,1000,22050,openhat_0013
1232,3,0,0,1000,22050,openhat_0014
1233,3,0,0,1000,22050,openhat_0015
1234,3,0,0,1000,22050,openhat_0016
1235,3,0,0,1000,22050,openhat_0017
1236,3,0,0,1000,22050,openhat_0018
1237,3,0,0,1000,22050,openhat_0019
1238,3,0,0,1000,22050,openhat_0020
1239,3,0,0,1000,22050,openhat_0021
1240,3,0,0,1000,22050,openhat_0022
1241,3,0,0,1000,22050,openhat_0023
1242,3,0,0,1000,22050,openhat_0024
1243,3,0,0,1000,22050,openhat_0025
1244,3,0,0,1000,22050,openhat_0026
1245,3,0,0,1000,22050,openhat_0027
1246,3,0,0,1000,22050,openhat_0028
1247,3,0,0,1000,22050,openhat_0029
1248,3,0,0,1000,22050,openhat_0030
1249,3,0,0,1000,22050,openhat_0031
1250,3,0,0,1000,22050,openhat_0032
1251,3,0,0,1000,22050,openhat_0033
1252,3,0,0,1000,22050,openhat_0034
1253,3,0,0,1000,22050,openhat_0035
1254,3,0,0,1000,22050,openhat_0036
1255,3,0,0,1000,22050,openhat_0037
1256,3,0,0,1000,22050,openhat_0038
1257,3,0,0,1000,22050,openhat_0039
1258,3,0,0,1000,22050,openhat_0040
1259,3,0,0,1000,22050,openhat_0041
1260,3,0,0,1000,22050,openhat_0042
1261,3,0,0,1000,22050,openhat_0043
1262,3,0,0,1000,22050,openhat_0044
1263,3,0,0,1000,22050,openhat_0045
1264,3,0,0,1000,22050,openhat_0046
1265,3,0,0,1000,22050,openhat_0047
1266,3,0,0,1000,22050,openhat_0048
1267,3,0,0,1000,22050,openhat_0049
1268,3,0,0,1000,22050,openhat_0050
1269,3,0,0,1000,22050,openhat_0051
1270,3,0,0,1000,22050,openhat_0052
1271,3,0,0,1000,22050,openhat_0053
1272,3,0,0,1000,22050,openhat_0054
1273,3,0,0,1000,22050,openhat_0055
1274,3,0,0,1000,22050,openhat_0056
1275,3,0,0,1000,22050,openhat_0057
1276,3,0,0,1000,22050,openhat_0058
1277,3,0,0,1000,22050,openhat_0059
1278,3,0,0,1000,22050,openhat_0060
1279,3,0,0,1000,22050,openhat_0061
1280,3,0,0,1000,22050,openhat_0062
1281,3,0,0,1000,22050,openhat_0063
1282,3,0,0,1000,22050,openhat_0064
1283,3,0,0,1000,22050,openhat_0065
1284,3,0,0,1000,22050,openhat_0066
1285,3,0,0,1000,22050,openhat_0067
1286,3,0,0,1000,22050,openhat_0068
1287,3,0,0,1000,22050,openhat_0069
1288,3,0,0,1000,22050,openhat_0070
1289,3,0,0,1000,22050,openhat_0071
1290,3,0,0,1000,22050,openhat_0072
1291,3,0,0,1000,22050,openhat_0073
1292,3,0,0,1000,22050,openhat_0074
1293,3,0,0,1000,22050,openhat_0075
1294,3,0,0,1000,22050,openhat_0076
1295,3,0,0,1000,22050,openhat_0077
1296,3,0,0,1000,22050,openhat_0078
1297,3,0,0,1000,22050,openhat_0079
1298,3,0,0,1000,22050,openhat_0080
1299,3,0,0,1000,22050,openhat_0081
1300,3,0,0,1000,22050,openhat_0082
1301,3,0,0,1000,22050,openhat_0083
1302,3,0,0,1000,22050,openhat_0084
1303,3,0,0,1000,22050,openhat_0085
1304,3,0,0,1000,22050,openhat_0086
1305,3,0,0,1000,22050,openhat_0087
1306,3,0,0,1000,22050,openhat_0088
1307,3,0,0,1000,22050,openhat_0089
1308,3,0,0,1000,22050,openhat_0090
1309,3,0,0,1000,22050,openhat_0091
1310,3,0,0,1000,22050,openhat_0092
1311,3,0,0,1000,22050,openhat_0093
1312,3,0,0,1000,22050,openhat_0094
1313,3,0,0,1000,22050,openhat_0095
1314,3,0,0,1000,22050,openhat_0096
1315,3,0,0,1000,22050,openhat_0097
1316,3,0,0,1000,22050,openhat_0098
1317,3,0,0,1000,22050,openhat_0099
1318,3,0,0,1000,22050,openhat_0100
1319,3,0,0,1000,22050,openhat_0101
1320,3,0,0,1000,22050,openhat_0102
1321,3,0,0,1000,22050,openhat_0103
1322,3,0,0,1000,22050,openhat_0104
1323,3,0,0,1000,22050,openhat_0105
1324,3,0,0,1000,22050,openhat_0106
1325,3,0,0,1000,22050,openhat_0107
1326,3,0,0,1000,22050,openhat_0108
1327,3,0,0,1000,22050,openhat_0109
1328,3,0,0,1000,22050,openhat_0110
1329,3,0,0,1000,22050,openhat_0111
1330,3,0,0,1000,22050,openhat_0112
1331,4,0,0,1000,22050,snare_0001
1332,4,0,0,1000,22050,snare_0002
1333,4,0,0,1000,22050,snare_0003
1334,4,0,0,1000,22050,snare_0004
1335,4,0,0,1000,22050,snare_0005
1336,4,0,0,1000,22050,snare_0006
1337,4,0,0,1000,22050,snare_0007
1338,4,0,0,1000,22050,snare_0008
1339,4,0,0,1000,22050,snare_0009
1340,4,0,0,1000,22050,snare_0010
1341,4,0,0,1000,22050,snare_0011
1342,4,0,0,1000,22050,snare_0012
1343,4,0,0,1000,22050,snare_0013
1344,4,0,0,1000,22050,snare_0014
1345,4,0,0,1000,22050,snare_0015
1346,4,0,0,1000,22050,snare_0016
1347,4,0,0,1000,22050,snare_0017
1348,4,0,0,1000,22050,snare_0018
1349,4,0,0,1000,22050,snare_0019
1350,4,0,0,1000,22050,snare_0020
1351,4,0,0,1000,22050,snare_0021
1352,4,0,0,1000,22050,snare_0022
1353,4,0,0,1000,22050,snare_0023
1354,4,0,0,1000,22050,snare_0024
1355,4,0,0,1000,22050,snare_0025
1356,4,0,0,1000,22050,snare_0026
1357,4,0,0,1000,22050,snare_0027
1358,4,0,0,1000,22050,snare_0028
1359,4,0,0,1000,22050,snare_0029
1360,4,0,0,1000,22050,snare_0030
1361,4,0,0,1000,22050,snare_0031
1362,4,0,0,1000,22050,snare_0032
1363,4,0,0,1000,22050,snare_0033
1364,4,0,0,1000,22050,snare_0034
1365,4,0,0,1000,22050,snare_0035
1366,4,0,0,1000,22050,snare_0036
1367,4,0,0,1000,22050,snare_0037
1368,4,0,0,1000,22050,snare_0038
1369,4,0,0,1000,22050,snare_0039
1370,4,0,0,1000,22050,snare_0040
1371,4,0,0,1000,22050,snare_0041
1372,4,0,0,1000,22050,snare_0042
1373,4,0,0,1000,22050,snare_0043
1374,4,0,0,1000,22050,snare_0044
1375,4,0,0,1000,22050,snare_0045
1376,4,0,0,1000,22050,snare_0046
1377,4,0,0,1000,22050,snare_0047
1378,4,0,0,1000,22050,snare_0048
1379,4,0,0,1000,22050,snare_0049
1380,4,0,0,1000,22050,snare_0050
1381,4,0,0,1000,22050,snare_0051
1382,4,0,0,1000,22050,snare_0052
1383,4,0,0,1000,22050,snare_0053
1384,4,0,0,1000,22050,snare_0054
1385,4,0,0,1000,22050,snare_0055
1386,4,0,0,1000,22050,snare_0056
1387,4,0,0,1000,22050,snare_0057
1388,4,0,0,1000,22050,snare_0058
1389,4,0,0,1000,22050,snare_0059
1390,4,0,0,1000,22050,snare_0060
1391,4,0,0,1000,22050,snare_0061
1392,4,0,0,1000,22050,snare_0062
1393,4,0,0,1000,22050,snare_0063
1394,4,0,0,1000,22050,snare_0064
1395,4,0,0,1000,22050,snare_0065
1396,4,0,0,1000,22050,snare_0066
1397,4,0,0,1000,22050,snare_0067
1398,4,0,0,1000,22050,snare_0068
1399,4,0,0,1000,22050,snare_0069
1400,4,0,0,1000,22050,snare_0070
1401,4,0,0,1000,22050,snare_0071
1402,4,0,0,1000,22050,snare_0072
1403,4,0,0,1000,22050,snare_0073
1404,4,0,0,1000,22050,snare_0074
1405,4,0,0,1000,22050,snare_0075
1406,4,0,0,1000,22050,snare_0076
1407,4,0,0,1000,22050,snare_0077
1408,4,0,0,1000,22050,snare_0078
1409,4,0,0,1000,22050,snare_0079
1410,4,0,0,1000,22050,snare_0080
1411,4,0,0,1000,22050,snare_0081
1412,4,0,0,1000,22050,snare_0082
1413,4,0,0,1000,22050,snare_0083
1414,4,0,0,1000,22050,snare_0084
1415,4,0,0,1000,22050,snare_0085
1416,4,0,0,1000,22050,snare_0086
1417,4,0,0,1000,22050,snare_0087
1418,4,0,0,1000,22050,snare_0088
1419,4,0,0,1000,22050,snare_0089
1420,4,0,0,1000,22050,snare_0090
1421,4,0,0,1000,22050,snare_0091
1422,4,0,0,1000,22050,snare_0092
1423,4,0,0,1000,22050,snare_0093
1424,4,0,0,1000,22050,snare_0094
1425,4,0,0,1000,22050,snare_0095
1426,4,0,0,1000,22050,snare_0096
1427,4,0,0,1000,22050,snare_0097
1428,4,0,0,1000,22050,snare_0098
1429,4,0,0,1000,22050,snare_0099
1430,4,0,0,1000,22050,snare_0100
1431,4,0,0,1000,22050,snare_0101
1432,4,0,0,1000,22050,snare_0102
1433,4,0,0,1000,22050,snare_0103
1434,4,0,0,1000,22050,snare_0104
1435,4,0,0,1000,22050,snare_0105
1436,4,0,0,1000,22050,snare_0106
1437,4,0,0,1000,22050,snare_0107
1438,4,0,0,1000,22050,snare_0108
1439,4,0,0,1000,22050,snare_0109
1440,4,0,0,1000,22050,snare_0110
1441,4,0,0,1000,22050,snare_0111
1442,4,0,0,1000,22050,snare_0112
1443,4,0,0,1000,22050,snare_0113
1444,4,0,0,1000,22050,snare_0114
1445,4,0,0,1000,22050,snare_0115
1446,4,0,0,1000,22050,snare_0116
1447,4,0,0,1000,22050,snare_0117
1448,4,0,0,1000,22050,snare_0118
1449,4,0,0,1000,22050,snare_0119
1450,4,0,0,1000,22050,snare_0120
1451,4,0,0,1000,22050,snare_0121
1452,4,0,0,1000,22050,snare_0122
1453,4,0,0,1000,22050,snare_0123
1454,4,0,0,1000,22050,snare_0124
1455,4,0,0,1000,22050,snare_0125
1456,4,0,0,1000,22050,snare_0126
1457,4,0,0,1000,22050,snare_0127
1458,4,0,0,1000,22050,snare_0128
1459,4,0,0,1000,22050,snare_0129
1460,4,0,0,1000,22050,snare_0130
1461,4,0,0,1000,22050,snare_0131
1462,4,0,0,1000,22050,snare_0132
1463,4,0,0,1000,22050,snare_0133
1464,4,0,0,1000,22050,snare_0134
1465,4,0,0,1000,22050,snare_0135
1466,4,0,0,1000,22050,snare_0136
1467,4,0,0,1000,22050,snare_0137
1468,4,0,0,1000,22050,snare_0138
1469,4,0,0,1000,22050,snare_0139
1470,4,0,0,1000,22050,snare_0140
1471,4,0,0,1000,22050,snare_0141
1472,4,0,0,1000,22050,snare_0142
1473,4,0,0,1000,22050,snare_0143
1474,4,0,0,1000,22050,snare_0144
1475,4,0,0,1000,22050,snare_0145
1476,4,0,0,1000,22050,snare_0146
1477,4,0,0,1000,22050,snare_0147
1478,4,0,0,1000,22050,snare_0148
1479,4,0,0,1000,22050,snare_0149
1480,4,0,0,1000,22050,snare_0150
1481,4,0,0,1000,22050,snare_0151
1482,4,0,0,1000,22050,snare_0152
1483,4,0,0,1000,22050,snare_0153
1484,4,0,0,1000,22050,snare_0154
1485,4,0,0,1000,22050,snare_0155
1486,4,0,0,1000,22050,snare_0156
1487,4,0,0,1000,22050,snare_0157
1488,4,0,0,1000,22050,snare_0158
1489,4,0,0,1000,22050,snare_0159
1490,4,0,0,1000,22050,snare_0160
1491,4,0,0,1000,22050,snare_0161
1492,4,0,0,1000,22050,snare_0162
1493,4,0,0,1000,22050,snare_0163
1494,4,0,0,1000,22050,snare_0164
1495,4,0,0,1000,22050,snare_0165
1496,4,0,0,1000,22050,snare_0166
1497,4,0,0,1000,22050,snare_0167
1498,4,0,0,1000,22050,snare_0168
1499,4,0,0,1000,22050,snare_0169
1500,4,0,0,1000,22050,snare_0170
1501,4,0,0,1000,22050,snare_0171
1502,4,0,0,1000,22050,snare_0172
1503,4,0,0,1000,22050,snare_0173
1504,4,0,0,1000,22050,snare_0174
1505,4,0,0,1000,22050,snare_0175
1506,4,0,0,1000,22050,snare_0176
1507,4,0,0,1000,22050,snare_0177
1508,4,0,0,1000,22050,snare_0178
1509,4,0,0,1000,22050,snare_0179
1510,4,0,0,1000,22050,snare_0180
1511,4,0,0,1000,22050,snare_0181
1512,4,0,0,1000,22050,snare_0182
1513,4,0,0,1000,22050,snare_0183
1514,4,0,0,1000,22050,snare_0184
1515,4,0,0,1000,22050,snare_0185
1516,4,0,0,1000,22050,snare_0186
1517,4,0,0,1000,22050,snare_0187
1518,4,0,0,1000,22050,snare_0188
1519,4,0,0,1000,22050,snare_0189
1520,4,0,0,1000,22050,snare_0190
1521,4,0,0,1000,22050,snare_0191
1522,4,0,0,1000,22050,snare_0192
1523,4,0,0,1000,22050,snare_0193
1524,4,0,0,1000,22050,snare_0194
1525,4,0,0,1000,22050,snare_0195
1526,4,0,0,1000,22050,snare_0196
1527,4,0,0,1000,22050,snare_0197
1528,4,0,0,1000,22050,snare_0198
1529,4,0,0,1000,22050,snare_0199
1530,4,0,0,1000,22050,snare_0200
1531,4,0,0,1000,22050,snare_0201
1532,4,0,0,1000,22050,snare_0202
1533,4,0,0,1000,22050,snare_0203
1534,4,0,0,1000,22050,snare_0204
1535,4,0,0,1000,22050,snare_0205
1536,4,0,0,1000,22050,snare_0206
1537,4,0,0,1000,22050,snare_0207
1538,4,0,0,1000,22050,snare_0208
1539,4,0,0,1000,22050,snare_0209
1540,4,0,0,1000,22050,snare_0210
1541,4,0,0,1000,22050,snare_0211
1542,4,0,0,1000,22050,snare_0212
1543,4,0,0,1000,22050,snare_0213
1544,4,0,0,1000,22050,snare_0214
1545,4,0,0,1000,22050,snare_0215
1546,4,0,0,1000,22050,snare_0216
1547,4,0,0,1000,22050,snare_0217
1548,4,0,0,1000,22050,snare_0218
1549,4,0,0,1000,22050,snare_0219
1550,4,0,0,1000,22050,snare_0220
1551,4,0,0,1000,22050,snare_0221
1552,4,0,0,1000,22050,snare_0222
1553,4,0,0,1000,22050,snare_0223
1554,4,0,0,1000,22050,snare_0224
1555,4,0,0,1000,22050,snare_0225
1556,4,0,0,1000,22050,snare_0226
1557,4,0,0,1000,22050,snare_0227
1558,4,0,0,1000,22050,snare_0228
1559,4,0,0,1000,22050,snare_0229
1560,4,0,0,1000,22050,snare_0230
1561,4,0,0,1000,22050,snare_0231
1562,4,0,0,1000,22050,snare_0232
1563,4,0,0,1000,22050,snare_0233
1564,4,0,0,1000,22050,snare_0234
1565,4,0,0,1000,22050,snare_0235
1566,4,0,0,1000,22050,snare_0236
1567,4,0,0,1000,22050,snare_0237
1568,4,0,0,1000,22050,snare_0238
1569,4,0,0,1000,22050,snare_0239
1570,4,0,0,1000,22050,snare_0240
1571,4,0,0,1000,22050,snare_0241
1572,4,0,0,1000,22050,snare_0242
1573,4,0,0,1000,22050,snare_0243
1574,4,0,0,1000,22050,snare_0244
1575,4,0,0,1000,22050,snare_0245
1576,4,0,0,1000,22050,snare_0246
1577,4,0,0,1000,22050,snare_0247
1578,4,0,0,1000,22050,snare_0248
1579,4,0,0,1000,22050,snare_0249
1580,4,0,0,1000,22050,snare_0250
1581,4,0,0,1000,22050,snare_0251
1582,4,0,0,1000,22050,snare_0252
1583,4,0,0,1000,22050,snare_0253
1584,4,0,0,1000,22050,snare_0254
1585,4,0,0,1000,22050,snare_0255
1586,4,0,0,1000,22050,snare_0256
1587,4,0,0,1000,22050,snare_0257
1588,4,0,0,1000,22050,snare_0258
1589,4,0,0,1000,22050,snare_0259
1590,4,0,0,1000,22050,snare_0260
1591,4,0,0,1000,22050,snare_0261
1592,4,0,0,1000,22050,snare_0262
1593,4,0,0,1000,22050,snare_0263
1594,4,0,0,1000,22050,snare_0264
1595,4,0,0,1000,22050,snare_0265
1596,4,0,0,1000,22050,snare_0266
1597,4,0,0,1000,22050,snare_0267
1598,4,0,0,1000,22050,snare_0268
1599,4,0,0,1000,22050,snare_0269
1600,4,0,0,1000,22050,snare_0270
1601,4,0,0,1000,22050,snare_0271
1602,4,0,0,1000,22050,snare_0272
1603,4,0,0,1000,22050,snare_0273
1604,4,0,0,1000,22050,snare_0274
1605,4,0,0,1000,22050,snare_0275
1606,4,0,0,1000,22050,snare_0276
1607,4,0,0,1000,22050,snare_0277
1608,4,0,0,1000,22050,snare_0278
1609,4,0,0,1000,22050,snare_0279
1610,4,0,0,1000,22050,snare_0280
1611,4,0,0,1000,22050,snare_0281
1612,4,0,0,1000,22050,snare_0282
1613,4,0,0,1000,22050,snare_0283
1614,4,0,0,1000,22050,snare_0284
1615,4,0,0,1000,22050,snare_0285
1616,4,0,0,1000,22050,snare_0286
1617,4,0,0,1000,22050,snare_0287
1618,4,0,0,1000,22050,snare_0288
1619,4,0,0,1000,22050,snare_0289
1620,4,0,0,1000,22050,snare_0290
1621,4,0,0,1000,22050,snare_0291
1622,4,0,0,1000,22050,snare_0292
1623,4,0,0,1000,22050,snare_0293
1624,4,0,0,1000,22050,snare_0294
1625,4,0,0,1000,22050,snare_0295
1626,4,0,0,1000,22050,snare_0296
1627,4,0,0,1000,22050,snare_0297
1628,4,0,0,1000,22050,snare_0298
1629,4,0,0,1000,22050,snare_0299
1630,4,0,0,1000,22050,snare_0300
1631,4,0,0,1000,22050,snare_0301
1632,4,0,0,1000,22050,snare_0302
1633,4,0,0,1000,22050,snare_0303
1634,4,0,0,1000,22050,snare_0304
1635,4,0,0,1000,22050,snare_0305
1636,4,0,0,1000,22050,snare_0306
1637,4,0,0,1000,22050,snare_0307
1638,4,0,0,1000,22050,snare_0308
1639,4,0,0,1000,22050,snare_0309
1640,4,0,0,1000,22050,snare_0310
1641,4,0,0,1000,22050,snare_0311
1642,4,0,0,1000,22050,snare_0312
1643,4,0,0,1000,22050,snare_0313
1644,4,0,0,1000,22050,snare_0314
1645,4,0,0,1000,22050,snare_0315
1646,4,0,0,1000,22050,snare_0316
1647,4,0,0,1000,22050,snare_0317
1648,4,0,0,1000,22050,snare_0318
1649,4,0,0,1000,22050,snare_0319
1650,4,0,0,1000,22050,snare_0320
1651,4,0,0,1000,22050,snare_0321
1652,4,0,0,1000,22050,snare_0322
1653,4,0,0,1000,22050,snare_0323
1654,4,0,0,1000,22050,snare_0324
1655,4,0,0,1000,22050,snare_0325
1656,4,0,0,1000,22050,snare_0326
1657,4,0,0,1000,22050,snare_0327
1658,4,0,0,1000,22050,snare_0328
1659,4,0,0,1000,22050,snare_0329
1660,4,0,0,1000,22050,snare_0330
1661,4,0,0,1000,22050,snare_0331
1662,4,0,0,1000,22050,snare_0332
1663,4,0,0,1000,22050,snare_0333
1664,4,0,0,1000,22050,snare_0334
1665,4,0,0,1000,22050,snare_0335
1666,4,0,0,1000,22050,snare_0336
1667,4,0,0,1000,22050,snare_0337
1668,4,0,0,1000,22050,snare_0338
1669,4,0,0,1000,22050,snare_0339
1670,4,0,0,1000,22050,snare_0340
1671,4,0,0,1000,22050,snare_0341
1672,4,0,0,1000,22050,snare_0342
1673,4,0,0,1000,22050,snare_0343
1674,4,0,0,1000,22050,snare_0344
1675,4,0,0,1000,22050,snare_0345
1676,4,0,0,1000,22050,snare_0346
1677,4,0,0,1000,22050,snare_0347
1678,4,0,0,1000,22050,snare_0348
1679,4,0,0,1000,22050,snare_0349
1680,4,0,0,1000,22050,snare_0350
1681,4,0,0,1000,22050,snare_0351
1682,4,0,0,1000,22050,snare_0352
1683,4,0,0,1000,22050,snare_0353
1684,4,0,0,1000,22050,snare_0354
1685,4,0,0,1000,22050,snare_0355
1686,4,0,0,1000,22050,snare_0356
1687,4,0,0,1000,22050,snare_0357
1688,4,0,0,1000,22050,snare_0358
1689,4,0,0,1000,22050,snare_0359
1690,4,0,0,1000,22050,snare_0360
1691,4,0,0,1000,22050,snare_0361
1692,4,0,0,1000,22050,snare_0362
1693,4,0,0,1000,22050,snare_0363
1694,4,0,0,1000,22050,snare_0364
1695,4,0,0,1000,22050,snare_0365
1696,4,0,0,1000,22050,snare_0366
1697,4,0,0,1000,22050,snare_0367
1698,4,0,0,1000,22050,snare_0368
1699,4,0,0,1000,22050,snare_0369
1700,4,0,0,1000,22050,snare_0370
1701,4,0,0,1000,22050,snare_0371
1702,4,0,0,1000,22050,snare_0372
1703,4,0,0,1000,22050,snare_0373
1704,4,0,0,1000,22050,snare_0374
1705,4,0,0,1000,22050,snare_0375
1706,4,0,0,1000,22050,snare_0376
1707,4,0,0,1000,22050,snare_0377
1708,4,0,0,1000,22050,snare_0378
1709,4,0,0,1000,22050,snare_0379
1710,4,0,0,1000,22050,snare_0380
1711,4,0,0,1000,22050,snare_0381
1712,4,0,0,1000,22050,snare_0382
1713,4,0,0,1000,22050,snare_0383
1714,4,0,0,1000,22050,snare_0384
1715,4,0,0,1000,22050,snare_0385
1716,4,0,0,1000,22050,snare_0386
1717,4,0,0,1000,22050,snare_0387
1718,4,0,0,1000,22050,snare_0388
1719,4,0,0,1000,22050,snare_0389
1720,4,0,0,1000,22050,snare_0390
1721,4,0,0,1000,22050,snare_0391
1722,4,0,0,1000,22050,snare_0392
1723,4,0,0,1000,22050,snare_0393
1724,4,0,0,1000,22050,snare_0394
1725,4,0,0,1000,22050,snare_0395
1726,4,0,0,1000,22050,snare_0396
1727,4,0,0,1000,22050,snare_0397
1728,4,0,0,1000,22050,snare_0398
1729,4,0,0,1000,22050,snare_0399
1730,4,0,0,1000,22050,snare_0400
1731,4,0,0,1000,22050,snare_0401
1732,4,0,0,1000,22050,snare_0402
1733,4,0,0,1000,22050,snare_0403
1734,4,0,0,1000,22050,snare_0404
1735,4,0,0,1000,22050,snare_0405
1736,4,0,0,1000,22050,snare_0406
1737,4,0,0,1000,22050,snare_0407
1738,4,0,0,1000,22050,snare_0408
1739,4,0,0,1000,22050,snare_0409
1740,4,0,0,1000,22050,snare_0410
1741,4,0,0,1000,22050,snare_0411
1742,4,0,0,1000,22050,snare_0412
1743,4,0,0,1000,22050,snare_0413
1744,4,0,0,1000,22050,snare_0414
1745,4,0,0,1000,22050,snare_0415
1746,4,0,0,1000,22050,snare_0416
1747,4,0,0,1000,22050,snare_0417
1748,4,0,0,1000,22050,snare_0418
1749,4,0,0,1000,22050,snare_0419
1750,4,0,0,1000,22050,snare_0420
1751,4,0,0,1000,22050,snare_0421
1752,4,0,0,1000,22050,snare_0422
1753,4,0,0,1000,22050,snare_0423
1754,4,0,0,1000,22050,snare_0424
1755,4,0,0,1000,22050,snare_0425
1756,4,0,0,1000,22050,snare_0426
1757,4,0,0,1000,22050,snare_0427
1758,4,0,0,1000,22050,snare_0428
1759,4,0,0,1000,22050,snare_0429
1760,4,0,0,1000,22050,snare_0430
1761,4,0,0,1000,22050,snare_0431
1762,4,0,0,1000,22050,snare_0432
1763,4,0,0,1000,22050,snare_0433
1764,4,0,0,1000,22050,snare_0434
1765,4,0,0,1000,22050,snare_0435
1766,4,0,0,1000,22050,snare_0436
1767,4,0,0,1000,22050,snare_0437
1768,4,0,0,1000,22050,snare_0438
1769,4,0,0,1000,22050,snare_0439
1770,4,0,0,1000,22050,snare_0440
1771,4,0,0,1000,22050,snare_0441
1772,4,0,0,1000,22050,snare_0442
1773,4,0,0,1000,22050,snare_0443
1774,4,0,0,1000,22050,snare_0444
1775,4,0,0,1000,22050,snare_0445
1776,4,0,0,1000,22050,snare_0446
1777,4,0,0,1000,22050,snare_0447
1778,4,0,0,1000,22050,snare_0448
1779,4,0,0,1000,22050,snare_0449
1780,4,0,0,1000,22050,snare_0450
1781,4,0,0,1000,22050,snare_0451
1782,4,0,0,1000,22050,snare_0452
1783,4,0,0,1000,22050,snare_0453
1784,4,0,0,1000,22050,snare_0454
1785,4,0,0,1000,22050,snare_0455
1786,4,0,0,1000,22050,snare_0456
1787,4,0,0,1000,22050,snare_0457
1788,4,0,0,1000,22050,snare_0458
1789,4,0,0,1000,22050,snare_0459
1790,4,0,0,1000,22050,snare_0460
1791,4,0,0,1000,22050,snare_0461
1792,4,0,0,1000,22050,snare_0462
1793,4,0,0,1000,22050,snare_0463
1794,4,0,0,1000,22050,snare_0464
1795,4,0,0,1000,22050,snare_0465
1796,4,0,0,1000,22050,snare_0466
1797,4,0,0,1000,22050,snare_0467
1798,4,0,0,1000,22050,snare_0468
1799,4,0,0,1000,22050,snare_0469
1800,4,0,0,1000,22050,snare_0470
1801,4,0,0,1000,22050,snare_0471
1802,4,0,0,1000,22050,snare_0472
1803,4,0,0,1000,22050,snare_0473
1804,4,0,0,1000,22050,snare_0474
1805,4,0,0,1000,22050,snare_0475
1806,4,0,0,1000,22050,snare_0476
1807,4,0,0,1000,22050,snare_0477
1808,4,0,0,1000,22050,snare_0478
1809,4,0,0,1000,22050,snare_0479
1810,4,0,0,1000,22050,snare_0480
1811,4,0,0,1000,22050,snare_0481
1812,4,0,0,1000,22050,snare_0482
1813,4,0,0,1000,22050,snare_0483
1814,4,0,0,1000,22050,snare_0484
1815,4,0,0,1000,22050,snare_0485
1816,4,0,0,1000,22050,snare_0486
1817,4,0,0,1000,22050,snare_0487
1818,4,0,0,1000,22050,snare_0488
1819,4,0,0,1000,22050,snare_0489
1820,4,0,0,1000,22050,snare_0490
1821,4,0,0,1000,22050,snare_0491
1822,4,0,0,1000,22050,snare_0492
1823,4,0,0,1000,22050,snare_0493
1824,4,0,0,1000,22050,snare_0494
1825,4,0,0,1000,22050,snare_0495
1826,4,0,0,1000,22050,snare_0496
1827,4,0,0,1000,22050,snare_0497
1828,4,0,0,1000,22050,snare_0498
1829,4,0,0,1000,22050,snare_0499
1830,4,0,0,1000,22050,snare_0500
1831,4,0,0,1000,22050,snare_0501
1832,4,0,0,1000,22050,snare_0502
1833,4,0,0,1000,22050,snare_0503
1834,4,0,0,1000,22050,snare_0504
1835,4,0,0,1000,22050,snare_0505
1836,4,0,0,1000,22050,snare_0506
1837,4,0,0,1000,22050,snare_0507
1838,4,0,0,1000,22050,snare_0508
1839,4,0,0,1000,22050,snare_0509
1840,4,0,0,1000,22050,snare_0510
1841,4,0,0,1000,22050,snare_0511
1842,4,0,0,1000,22050,snare_0512
1843,4,0,0,1000,22050,snare_0513
1844,4,0,0,1000,22050,snare_0514
1845,4,0,0,1000,22050,snare_0515
1846,4,0,0,1000,22050,snare_0516
1847,4,0,0,1000,22050,snare_0517
1848,4,0,0,1000,22050,snare_0518
1849,4,0,0,1000,22050,snare_0519
1850,4,0,0,1000,22050,snare_0520
1851,4,0,0,1000,22050,snare_0521
1852,4,0,0,1000,22050,snare_0522
1853,4,0,0,1000,22050,snare_0523
1854,4,0,0,1000,22050,snare_0524
1855,4,0,0,1000,22050,snare_0525
1856,4,0,0,1000,22050,snare_0526
1857,4,0,0,1000,22050,snare_0527
1858,4,0,0,1000,22050,snare_0528
1859,4,0,0,1000,22050,snare_0529
1860,4,0,0,1000,22050,snare_0530
1861,4,0,0,1000,22050,snare_0531
1862,4,0,0,1000,22050,snare_0532
1863,4,0,0,1000,22050,snare_0533
1864,4,0,0,1000,22050,snare_0534
1865,4,0,0,1000,22050,snare_0535
1866,4,0,0,1000,22050,snare_0536
1867,4,0,0,1000,22050,snare_0537
1868,4,0,0,1000,22050,snare_0538
1869,4,0,0,1000,22050,snare_0539
1870,4,0,0,1000,22050,snare_0540
1871,4,0,0,1000,22050,snare_0541
1872,4,0,0,1000,22050,snare_0542
1873,4,0,0,1000,22050,snare_0543
1874,4,0,0,1000,22050,snare_0544
1875,4,0,0,1000,22050,snare_0545
1876,4,0,0,1000,22050,snare_0546
1877,4,0,0,1000,22050,snare_0547
1878,4,0,0,1000,22050,snare_0548
1879,4,0,0,1000,22050,snare_0549
1880,4,0,0,1000,22050,snare_0550
1881,4,0,0,1000,22050,snare_0551
1882,4,0,0,1000,22050,snare_0552
1883,4,0,0,1000,22050,snare_0553
1884,4,0,0,1000,22050,snare_0554
1885,4,0,0,1000,22050,snare_0555
1886,4,0,0,1000,22050,snare_0556
1887,4,0,0,1000,22050,snare_0557
1888,4,0,0,1000,22050,snare_0558
1889,4,0,0,1000,22050,snare_0559
1890,4,0,0,1000,22050,snare_0560
1891,4,0,0,1000,22050,snare_0561
1892,4,0,0,1000,22050,snare_0562
1893,4,0,0,1000,22050,snare_0563
1894,4,0,0,1000,22050,snare_0564
1895,4,0,0,1000,22050,snare_0565
1896,4,0,0,1000,22050,snare_0566
1897,4,0,0,1000,22050,snare_0567
1898,4,0,0,1000,22050,snare_0568
1899,4,0,0,1000,22050,snare_0569
1900,4,0,0,1000,22050,snare_0570
1901,4,0,0,1000,22050,snare_0571
1902,4,0,0,1000,22050,snare_0572
1903,4,0,0,1000,22050,snare_0573
1904,4,0,0,1000,22050,snare_0574
1905,4,0,0,1000,22050,snare_0575
1906,4,0,0,1000,22050,snare_0576
1907,4,0,0,1000,22050,snare_0577
1908,4,0,0,1000,22050,snare_0578
1909,4,0,0,1000,22050,snare_0579
1910,4,0,0,1000,22050,snare_0580
1911,4,0,0,1000,22050,snare_0581
1912,4,0,0,1000,22050,snare_0582
1913,4,0,0,1000,22050,snare_0583
1914,4,0,0,1000,22050,snare_0584
1915,4,0,0,1000,22050,snare_0585
1916,4,0,0,1000,22050,snare_0586
1917,4,0,0,1000,22050,snare_0587
1918,4,0,0,1000,22050,snare_0588
1919,4,0,0,1000,22050,snare_0589
1920,4,0,0,1000,22050,snare_0590
1921,4,0,0,1000,22050,snare_0591
1922,4,0,0,1000,22050,snare_0592
1923,4,0,0,1000,22050,snare_0593
1924,4,0,0,1000,22050,snare_0594
1925,4,0,0,1000,22050,snare_0595
1926,4,0,0,1000,22050,snare_0596
1927,4,0,0,1000,22050,snare_0597
1928,4,0,0,1000,22050,snare_0598
1929,4,0,0,1000,22050,snare_0599
1930,4,0,0,1000,22050,snare_0600
1931,4,0,0,1000,22050,snare_0601
1932,4,0,0,1000,22050,snare_0602
1933,4,0,0,1000,22050,snare_0603
1934,4,0,0,1000,22050,snare_0604
1935,4,0,0,1000,22050,snare_0605
1936,4,0,0,1000,22050,snare_0606
1937,4,0,0,1000,22050,snare_0607
1938,4,0,0,1000,22050,snare_0608
1939,4,0,0,1000,22050,snare_0609
1940,4,0,0,1000,22050,snare_0610
1941,4,0,0,1000,22050,snare_0611
1942,4,0,0,1000,22050,snare_0612
1943,4,0,0,1000,22050,snare_0613
1944,4,0,0,1000,22050,snare_0614
1945,4,0,0,1000,22050,snare_0615
1946,4,0,0,1000,22050,snare_0616
1947,4,0,0,1000,22050,snare_0617
1948,4,0,0,1000,22050,snare_0618
1949,4,0,0,1000,22050,snare_0619
1950,4,0,0,1000,22050,snare_0620
1951,4,0,0,1000,22050,snare_0621
1952,4,0,0,1000,22050,snare_0622
1953,4,0,0,1000,22050,snare_0623
1954,4,0,0,1000,22050,snare_0624
1955,4,0,0,1000,22050,snare_0625
1956,4,0,0,1000,22050,snare_0626
1957,4,0,0,1000,22050,snare_0627
1958,4,0,0,1000,22050,snare_0628
1959,4,0,0,1000,22050,snare_0629
1960,4,0,0,1000,22050,snare_0630
1961,4,0,0,1000,22050,snare_0631
1962,4,0,0,1000,22050,snare_0632
1963,4,0,0,1000,22050,snare_0633
1964,4,0,0,1000,22050,snare_0634
1965,4,0,0,1000,22050,snare_0635
1966,4,0,0,1000,22050,snare_0636
1967,4,0,0,1000,22050,snare_0637
1968,4,0,0,1000,22050,snare_0638
1969,4,0,0,1000,22050,snare_0639
1970,4,0,0,1000,22050,snare_0640
1971,4,0,0,1000,22050,snare_0641
1972,4,0,0,1000,22050,snare_0642
1973,4,0,0,1000,22050,snare_0643
1974,4,0,0,1000,22050,snare_0644
1975,4,0,0,1000,22050,snare_0645
1976,4,0,0,1000,22050,snare_0646
1977,4,0,0,1000,22050,snare_0647
1978,4,0,0,1000,22050,snare_0648
1979,4,0,0,1000,22050,snare_0649
1980,4,0,0,1000,22050,snare_0650
1981,4,0,0,1000,22050,snare_0651
1982,4,0,0,1000,22050,snare_0652
1983,4,0,0,1000,22050,snare_0653
1984,4,0,0,1000,22050,snare_0654
1985,4,0,0,1000,22050,snare_0655
1986,4,0,0,1000,22050,snare_0656
1987,4,0,0,1000,22050,snare_0657
1988,4,0,0,1000,22050,snare_0658
1989,4,0,0,1000,22050,snare_0659
1990,4,0,0,1000,22050,snare_0660
1991,4,0,0,1000,22050,snare_0661
1992,4,0,0,1000,22050,snare_0662
1993,4,0,0,1000,22050,snare_0663
1994,4,0,0,1000,22050,snare_0664
1995,4,0,0,1000,22050,snare_0665
1996,4,0,0,1000,22050,snare_0666
1997,4,0,0,1000,22050,snare_0667
1998,4,0,0,1000,22050,snare_0668
1999,4,0,0,1000,22050,snare_0669
2000,4,0,0,1000,22050,snare_0670
2001,4,0,0,1000,22050,snare_0671
2002,4,0,0,1000,22050,snare_0672
2003,4,0,0,1000,22050,snare_0673
2004,4,0,0,1000,22050,snare_0674
2005,4,0,0,1000,22050,snare_0675
2006,4,0,0,1000,22050,snare_0676
2007,4,0,0,1000,22050,snare_0677
2008,4,0,0,1000,22050,snare_0678
2009,4,0,0,1000,22050,snare_0679
2010,4,0,0,1000,22050,snare_0680
2011,4,0,0,1000,22050,snare_0681
2012,4,0,0,1000,22050,snare_0682
2013,4,0,0,1000,22050,snare_0683
2014,4,0,0,1000,22050,snare_0684
2015,4,0,0,1000,22050,snare_0685
2016,4,0,0,1000,22050,snare_0686
2017,4,0,0,1000,22050,snare_0687
2018,4,0,0,1000,22050,snare_0688
2019,4,0,0,1000,22050,snare_0689
2020,4,0,0,1000,22050,snare_0690
2021,4,0,0,1000,22050,snare_0691
2022,4,0,0,1000,22050,snare_0692
2023,4,0,0,1000,22050,snare_0693
2024,4,0,0,1000,22050,snare_0694
2025,4,0,0,1000,22050,snare_0695
2026,4,0,0,1000,22050,snare_0696
2027,4,0,0,1000,22050,snare_0697
2028,4,0,0,1000,22050,snare_0698
2029,4,0,0,1000,22050,snare_0699
2030,4,0,0,1000,22050,snare_0700
2031,4,0,0,1000,22050,snare_0701
2032,4,0,0,1000,22050,snare_0702
2033,4,0,0,1000,22050,snare_0703
2034,4,0,0,1000,22050,snare_0704
2035,4,0,0,1000,22050,snare_0705
2036,4,0,0,1000,22050,snare_0706
2037,4,0,0,1000,22050,snare_0707
2038,4,0,0,1000,22050,snare_0708
2039,4,0,0,1000,22050,snare_0709
2040,4,0,0,1000,22050,snare_0710
2041,4,0,0,1000,22050,snare_0711
2042,4,0,0,1000,22050,snare_0712
2043,4,0,0,1000,22050,snare_0713
2044,4,0,0,1000,22050,snare_0714
2045,4,0,0,1000,22050,snare_0715
2046,4,0,0,1000,22050,snare_0716
2047,4,0,0,1000,22050,snare_0717
2048,4,0,0,1000,22050,snare_0718
2049,4,0,0,1000,22050,snare_0719
2050,4,0,0,1000,22050,snare_0720
2051,4,0,0,1000,22050,snare_0721
2052,4,0,0,1000,22050,snare_0722
2053,4,0,0,1000,22050,snare_0723
2054,4,0,0,1000,22050,snare_0724
2055,4,0,0,1000,22050,snare_0725
2056,4,0,0,1000,22050,snare_0726
2057,4,0,0,1000,22050,snare_0727
2058,4,0,0,1000,22050,snare_0728
2059,4,0,0,1000,22050,snare_0729
2060,4,0,0,1000,22050,snare_0730
2061,4,0,0,1000,22050,snare_0731
2062,4,0,0,1000,22050,snare_0732
2063,4,0,0,1000,22050,snare_0733
2064,4,0,0,1000,22050,snare_0734
2065,4,0,0,1000,22050,snare_0735
2066,4,0,0,1000,22050,snare_0736
2067,4,0,0,1000,22050,snare_0737
2068,4,0,0,1000,22050,snare_0738
2069,4,0,0,1000,22050,snare_0739
2070,4,0,0,1000,22050,snare_0740
2071,4,0,0,1000,22050,snare_0741
2072,4,0,0,1000,22050,snare_0742
2073,4,0,0,1000,22050,snare_0743
2074,4,0,0,1000,22050,snare_0744
2075,4,0,0,1000,22050,snare_0745
2076,4,0,0,1000,22050,snare_0746
2077,4,0,0,1000,22050,snare_0747
2078,4,0,0,1000,22050,snare_0748
2079,4,0,0,1000,22050,snare_0749
2080,4,0,0,1000,22050,snare_0750
2081,4,0,0,1000,22050,snare_0751
2082,4,0,0,1000,22050,snare_0752
2083,4,0,0,1000,22050,snare_0753
2084,4,0,0,1000,22050,snare_0754
2085,4,0,0,1000,22050,snare_0755
2086,4,0,0,1000,22050,snare_0756
2087,4,0,0,1000,22050,snare_0757
2088,4,0,0,1000,22050,snare_0758
2089,4,0,0,1000,22050,snare_0759
2090,4,0,0,1000,22050,snare_0760
2091,4,0,0,1000,22050,snare_0761
2092,4,0,0,1000,22050,snare_0762
2093,4,0,0,1000,22050,snare_0763
2094,4,0,0,1000,22050,snare_0764
2095,4,0,0,1000,22050,snare_0765
2096,4,0,0,1000,22050,snare_0766
2097,4,0,0,1000,22050,snare_0767
2098,4,0,0,1000,22050,snare_0768
2099,4,0,0,1000,22050,snare_0769
2100,4,0,0,1000,22050,snare_0770
2101,4,0,0,1000,22050,snare_0771
2102,4,0,0,1000,22050,snare_0772
2103,4,0,0,1000,22050,snare_0773
2104,4,0,0,1000,22050,snare_0774
2105,4,0,0,1000,22050,snare_0775
2106,4,0,0,1000,22050,snare_0776
2107,4,0,0,1000,22050,snare_0777
2108,4,0,0,1000,22050,snare_0778
2109,4,0,0,1000,22050,snare_0779
2110,4,0,0,1000,22050,snare_0780
2111,4,0,0,1000,22050,snare_0781
2112,4,0,0,1000,22050,snare_0782
2113,4,0,0,1000,22050,snare_0783
2114,4,0,0,1000,22050,snare_0784
2115,4,0,0,1000,22050,snare_0785
2116,4,0,0,1000,22050,snare_0786
2117,4,0,0,1000,22050,snare_0787
2118,4,0,0,1000,22050,snare_0788
2119,4,0,0,1000,22050,snare_0789
2120,4,0,0,1000,22050,snare_0790
2121,4,0,0,1000,22050,snare_0791
2122,4,0,0,1000,22050,snare_0792
2123,4,0,0,1000,22050,snare_0793
2124,4,0,0,1000,22050,snare_0794
2125,4,0,0,1000,22050,snare_0795
2126,4,0,0,1000,22050,snare_0796
2127,4,0,0,1000,22050,snare_0797
2128,4,0,0,1000,22050,snare_0798
2129,4,0,0,1000,22050,snare_0799
2130,4,0,0,1000,22050,snare_0800
2131,4,0,0,1000,22050,snare_0801
2132,4,0,0,1000,22050,snare_0802
2133,4,0,0,1000,22050,snare_0803
2134,4,0,0,1000,22050,snare_0804
2135,4,0,0,1000,22050,snare_0805
2136,4,0,0,1000,22050,snare_0806
2137,4,0,0,1000,22050,snare_0807
2138,4,0,0,1000,22050,snare_0808
2139,4,0,0,1000,22050,snare_0809
2140,4,0,0,1000,22050,snare_0810
2141,4,0,0,1000,22050,snare_0811
2142,4,0,0,1000,22050,snare_0812
2143,4,0,0,1000,22050,snare_0813
2144,4,0,0,1000,22050,snare_0814
2145,4,0,0,1000,22050,snare_0815
2146,4,0,0,1000,22050,snare_0816
2147,4,0,0,1000,22050,snare_0817
2148,4,0,0,1000,22050,snare_0818
2149,4,0,0,1000,22050,snare_0819
2150,4,0,0,1000,22050,snare_0820
2151,4,0,0,1000,22050,snare_0821
2152,4,0,0,1000,22050,snare_0822
2153,4,0,0,1000,22050,snare_0823
2154,4,0,0,1000,22050,snare_0824
2155,4,0,0,1000,22050,snare_0825
2156,4,0,0,1000,22050,snare_0826
2157,4,0,0,1000,22050,snare_0827
2158,4,0,0,1000,22050,snare_0828
2159,4,0,0,1000,22050,snare_0829
2160,4,0,0,1000,22050,snare_0830
2161,4,0,0,1000,22050,snare_0831
2162,4,0,0,1000,22050,snare_0832
2163,4,0,0,1000,22050,snare_0833
2164,4,0,0,1000,22050,snare_0834
2165,4,0,0,1000,22050,snare_0835
2166,4,0,0,1000,22050,snare_0836
2167,4,0,0,1000,22050,snare_0837
2168,4,0,0,1000,22050,snare_0838
2169,4,0,0,1000,22050,snare_0839
2170,4,0,0,1000,22050,snare_0840
2171,4,0,0,1000,22050,snare_0841
2172,4,0,0,1000,22050,snare_0842
2173,4,0,0,1000,22050,snare_0843
2174,4,0,0,1000,22050,snare_0844
2175,4,0,0,1000,22050,snare_0845
2176,4,0,0,1000,22050,snare_0846
2177,4,0,0,1000,22050,snare_0847
2178,4,0,0,1000,22050,snare_0848
2179,4,0,0,1000,22050,snare_0849
2180,4,0,0,1000,22050,snare_0850
2181,4,0,0,1000,22050,snare_0851
2182,4,0,0,1000,22050,snare_0852
2183,4,0,0,1000,22050,snare_0853
2184,4,0,0,1000,22050,snare_0854
2185,4,0,0,1000,22050,snare_0855
2186,4,0,0,1000,22050,snare_0856
2187,4,0,0,1000,22050,snare_0857
2188,4,0,0,1000,22050,snare_0858
2189,4,0,0,1000,22050,snare_0859
2190,4,0,0,1000,22050,snare_0860
2191,4,0,0,1000,22050,snare_0861
2192,4,0,0,1000,22050,snare_0862
2193,4,0,0,1000,22050,snare_0863
2194,4,0,0,1000,22050,snare_0864
2195,4,0,0,1000,22050,snare_0865
2196,4,0,0,1000,22050,snare_0866
2197,4,0,0,1000,22050,snare_0867
2198,4,0,0,1000,22050,snare_0868
2199,4,0,0,1000,22050,snare_0869
2200,4,0,0,1000,22050,snare_0870
2201,4,0,0,1000,22050,snare_0871
2202,4,0,0,1000,22050,snare_0872
2203,4,0,0,1000,22050,snare_0873
2204,4,0,0,1000,22050,snare_0874
2205,4,0,0,1000,22050,snare_0875
2206,4,0,0,1000,22050,snare_0876
2207,4,0,0,1000,22050,snare_0877
2208,4,0,0,1000,22050,snare_0878
2209,4,0,0,1000,22050,snare_0879
2210,4,0,0,1000,22050,snare_0880
2211,4,0,0,1000,22050,snare_0881
2212,4,0,0,1000,22050,snare_0882
2213,4,0,0,1000,22050,snare_0883
2214,4,0,0,1000,22050,snare_0884
2215,4,0,0,1000,22050,snare_0885
2216,4,0,0,1000,22050,snare_0886
2217,4,0,0,1000,22050,snare_0887
2218,4,0,0,1000,22050,snare_0888
2219,4,0,0,1000,22050,snare_0889
2220,4,0,0,1000,22050,snare_0890
2221,4,0,0,1000,22050,snare_0891
2222,4,0,0,1000,22050,snare_0892
2223,4,0,0,1000,22050,snare_0893
2224,4,0,0,1000,22050,snare_0894
2225,4,0,0,1000,22050,snare_0895
2226,4,0,0,1000,22050,snare_0896
2227,4,0,0,1000,22050,snare_0897
2228,4,0,0,1000,22050,snare_0898
2229,4,0,0,1000,22050,snare_0899
2230,4,0,0,1000,22050,snare_0900
2231,4,0,0,1000,22050,snare_0901
2232,4,0,0,1000,22050,snare_0902
2233,4,0,0,1000,22050,snare_0903
2234,4,0,0,1000,22050,snare_0904
2235,4,0,0,1000,22050,snare_0905
2236,4,0,0,1000,22050,snare_0906
2237,4,0,0,1000,22050,snare_0907
2238,4,0,0,1000,22050,snare_0908
2239,4,0,0,1000,22050,snare_0909
2240,4,0,0,1000,22050,snare_0910
2241,4,0,0,1000,22050,snare_0911
2242,4,0,0,1000,22050,snare_0912
2243,4,0,0,1000,22050,snare_0913
2244,4,0,0,1000,22050,snare_0914
2245,4,0,0,1000,22050,snare_0915
2246,4,0,0,1000,22050,snare_0916
2247,4,0,0,1000,22050,snare_0917
2248,4,0,0,1000,22050,snare_0918
2249,4,0,0,1000,22050,snare_0919
2250,4,0,0,1000,22050,snare_0920
2251,4,0,0,1000,22050,snare_0921
2252,4,0,0,1000,22050,snare_0922
2253,4,0,0,1000,22050,snare_0923
2254,4,0,0,1000,22050,snare_0924
2255,4,0,0,1000,22050,snare_0925
2256,4,0,0,1000,22050,snare_0926
2257,4,0,0,1000,22050,snare_0927
2258,4,0,0,1000,22050,snare_0928
2259,4,0,0,1000,22050,snare_0929
2260,4,0,0,1000,22050,snare_0930
2261,4,0,0,1000,22050,snare_0931
2262,4,0,0,1000,22050,snare_0932
2263,4,0,0,1000,22050,snare_0933
2264,4,0,0,1000,22050,snare_0934
2265,4,0,0,1000,22050,snare_0935
2266,4,0,0,1000,22050,snare_0936
2267,4,0,0,1000,22050,snare_0937
2268,4,0,0,1000,22050,snare_0938
2269,4,0,0,1000,22050,snare_0939
2270,4,0,0,1000,22050,snare_0940
2271,4,0,0,1000,22050,snare_0941
2272,4,0,0,1000,22050,snare_0942
2273,4,0,0,1000,22050,snare_0943
2274,4,0,0,1000,22050,snare_0944
2275,4,0,0,1000,22050,snare_0945
2276,4,0,0,1000,22050,snare_0946
2277,4,0,0,1000,22050,snare_0947
2278,4,0,0,1000,22050,snare_0948
2279,4,0,0,1000,22050,snare_0949
2280,4,0,0,1000,22050,snare_0950
2281,4,0,0,1000,22050,snare_0951
2282,4,0,0,1000,22050,snare_0952
2283,4,0,0,1000,22050,snare_0953
2284,4,0,0,1000,22050,snare_0954
2285,4,0,0,1000,22050,snare_0955
2286,4,0,0,1000,22050,snare_0956
2287,4,0,0,1000,22050,snare_0957
2288,4,0,0,1000,22050,snare_0958
2289,4,0,0,1000,22050,snare_0959
2290,4,0,0,1000,22050,snare_0960
2291,4,0,0,1000,22050,snare_0961
2292,4,0,0,1000,22050,snare_0962
2293,4,0,0,1000,22050,snare_0963
2294,4,0,0,1000,22050,snare_0964
2295,4,0,0,1000,22050,snare_0965
2296,4,0,0,1000,22050,snare_0966
2297,4,0,0,1000,22050,snare_0967
2298,4,0,0,1000,22050,snare_0968
2299,4,0,0,1000,22050,snare_0969
2300,4,0,0,1000,22050,snare_0970
2301,4,0,0,1000,22050,snare_0971
2302,4,0,0,1000,22050,snare_0972
2303,4,0,0,1000,22050,snare_0973
2304,4,0,0,1000,22050,snare_0974
2305,4,0,0,1000,22050,snare_0975
2306,4,0,0,1000,22050,snare_0976
2307,4,0,0,1000,22050,snare_0977
2308,4,0,0,1000,22050,snare_0978
2309,4,0,0,1000,22050,snare_0979
2310,4,0,0,1000,22050,snare_0980
2311,4,0,0,1000,22050,snare_0981
2312,4,0,0,1000,22050,snare_0982
2313,4,0,0,1000,22050,snare_0983
2314,4,0,0,1000,22050,snare_0984
2315,4,0,0,1000,22050,snare_0985
2316,4,0,0,1000,22050,snare_0986
2317,4,0,0,1000,22050,snare_0987
2318,4,0,0,1000,22050,snare_0988
2319,4,0,0,1000,22050,snare_0989
2320,4,0,0,1000,22050,snare_0990
2321,4,0,0,1000,22050,snare_0991
2322,4,0,0,1000,22050,snare_0992
2323,4,0,0,1000,22050,snare_0993
2324,4,0,0,1000,22050,snare_0994
2325,4,0,0,1000,22050,snare_0995
2326,4,0,0,1000,22050,snare_0996
2327,4,0,0,1000,22050,snare_0997
2328,4,0,0,1000,22050,snare_0998
2329,4,0,0,1000,22050,snare_0999
2330,4,0,0,1000,22050,snare_1000
2331,4,0,0,1000,22050,snare_1001
2332,4,0,0,1000,22050,snare_1002
2333,4,0,0,1000,22050,snare_1003
2334,4,0,0,1000,22050,snare_1004
2335,4,0,0,1000,22050,snare_1005
2336,4,0,0,1000,22050,snare_1006
2337,4,0,0,1000,22050,snare_1007
2338,4,0,0,1000,22050,snare_1008
2339,4,0,0,1000,22050,snare_1009
2340,4,0,0,1000,22050,snare_1010
2341,4,0,0,1000,22050,snare_1011
2342,4,0,0,1000,22050,snare_1012
2343,4,0,0,1000,22050,snare_1013
2344,4,0,0,1000,22050,snare_1014
2345,4,0,0,1000,22050,snare_1015
2346,4,0,0,1000,22050,snare_1016
2347,4,0,0,1000,22050,snare_1017
2348,4,0,0,1000,22050,snare_1018
2349,4,0,0,1000,22050,snare_1019
2350,4,0,0,1000,22050,snare_1020
2351,4,0,0,1000,22050,snare_1021
2352,4,0,0,1000,22050,snare_1022
2353,4,0,0,1000,22050,snare_1023
2354,4,0,0,1000,22050,snare_1024
2355,4,0,0,1000,22050,snare_1025
2356,4,0,0,1000,22050,snare_1026
2357,4,0,0,1000,22050,snare_1027
2358,4,0,0,1000,22050,snare_1028
2359,4,0,0,1000,22050,snare_1029
2360,4,0,0,1000,22050,snare_1030
2361,4,0,0,1000,22050,snare_1031
2362,4,0,0,1000,22050,snare_1032
2363,4,0,0,1000,22050,snare_1033
2364,4,0,0,1000,22050,snare_1034
2365,4,0,0,1000,22050,snare_1035
2366,4,0,0,1000,22050,snare_1036
2367,4,0,0,1000,22050,snare_1037
2368,4,0,0,1000,22050,snare_1038
2369,4,0,0,1000,22050,snare_1039
2370,4,0,0,1000,22050,snare_1040
2371,4,0,0,1000,22050,snare_1041
2372,4,0,0,1000,22050,snare_1042
2373,4,0,0,1000,22050,snare_1043
2374,4,0,0,1000,22050,snare_1044
2375,4,0,0,1000,22050,snare_1045
2376,4,0,0,1000,22050,snare_1046
2377,4,0,0,1000,22050,snare_1047
2378,4,0,0,1000,22050,snare_1048
2379,4,0,0,1000,22050,snare_1049
2380,4,0,0,1000,22050,snare_1050
2381,4,0,0,1000,22050,snare_1051
2382,4,0,0,1000,22050,snare_1052
2383,4,0,0,1000,22050,snare_1053
2384,4,0,0,1000,22050,snare_1054
2385,4,0,0,1000,22050,snare_1055
2386,4,0,0,1000,22050,snare_1056
2387,4,0,0,1000,22050,snare_1057
2388,4,0,0,1000,22050,snare_1058
2389,4,0,0,1000,22050,snare_1059
2390,4,0,0,1000,22050,snare_1060
2391,4,0,0,1000,22050,snare_1061
2392,4,0,0,1000,22050,snare_1062
2393,4,0,0,1000,22050,snare_1063
2394,4,0,0,1000,22050,snare_1064
2395,4,0,0,1000,22050,snare_1065
2396,4,0,0,1000,22050,snare_1066
2397,4,0,0,1000,22050,snare_1067
2398,4,0,0,1000,22050,snare_1068
2399,4,0,0,1000,22050,snare_1069
2400,4,0,0,1000,22050,snare_1070
2401,4,0,0,1000,22050,snare_1071
2402,4,0,0,1000,22050,snare_1072
2403,4,0,0,1000,22050,snare_1073
2404,4,0,0,1000,22050,snare_1074
2405,4,0,0,1000,22050,snare_1075
2406,4,0,0,1000,22050,snare_1076
2407,4,0,0,1000,22050,snare_1077
2408,4,0,0,1000,22050,snare_1078
2409,4,0,0,1000,22050,snare_1079
2410,4,0,0,1000,22050,snare_1080
2411,4,0,0,1000,22050,snare_1081
2412,4,0,0,1000,22050,snare_1082
2413,4,0,0,1000,22050,snare_1083
2414,4,0,0,1000,22050,snare_1084
2415,4,0,0,1000,22050,snare_1085
2416,4,0,0,1000,22050,snare_1086
2417,4,0,0,1000,22050,snare_1087
2418,4,0,0,1000,22050,snare_1088
2419,4,0,0,1000,22050,snare_1089
2420,4,0,0,1000,22050,snare_1090
2421,4,0,0,1000,22050,snare_1091
2422,4,0,0,1000,22050,snare_1092
2423,4,0,0,1000,22050,snare_1093
2424,4,0,0,1000,22050,snare_1094
2425,4,0,0,1000,22050,snare_1095
2426,4,0,0,1000,22050,snare_1096
2427,4,0,0,1000,22050,snare_1097
2428,4,0,0,1000,22050,snare_1098
2429,4,0,0,1000,22050,snare_1099
2430,4,0,0,1000,22050,snare_1100
2431,4,0,0,1000,22050,snare_1101
2432,4,0,0,1000,22050,snare_1102
2433,4,0,0,1000,22050,snare_1103
2434,4,0,0,1000,22050,snare_1104
2435,4,0,0,1000,22050,snare_1105
2436,4,0,0,1000,22050,snare_1106
2437,4,0,0,1000,22050,snare_1107
2438,4,0,0,1000,22050,snare_1108
2439,4,0,0,1000,22050,snare_1109
2440,4,0,0,1000,22050,snare_1110
2441,4,0,0,1000,22050,snare_1111
2442,4,0,0,1000,22050,snare_1112
2443,4,0,0,1000,22050,snare_1113
2444,4,0,0,1000,22050,snare_1114
2445,4,0,0,1000,22050,snare_1115
2446,4,0,0,1000,22050,snare_1116
2447,4,0,0,1000,22050,snare_1117
2448,4,0,0,1000,22050,snare_1118
2449,4,0,0,1000,22050,snare_1119
2450,4,0,0,1000,22050,snare_1120
2451,4,0,0,1000,22050,snare_1121
2452,4,0,0,1000,22050,snare_1122
2453,4,0,0,1000,22050,snare_1123
2454,4,0,0,1000,22050,snare_1124
2455,4,0,0,1000,22050,snare_1125
2456,4,0,0,1000,22050,snare_1126
2457,4,0,0,1000,22050,snare_1127
2458,4,0,0,1000,22050,snare_1128
2459,4,0,0,1000,22050,snare_1129
2460,4,0,0,1000,22050,snare_1130
2461,4,0,0,1000,22050,snare_1131
2462,4,0,0,1000,22050,snare_1132
2463,4,0,0,1000,22050,snare_1133
2464,4,0,0,1000,22050,snare_1134
2465,4,0,0,1000,22050,snare_1135
2466,4,0,0,1000,22050,snare_1136
2467,4,0,0,1000,22050,snare_1137
2468,4,0,0,1000,22050,snare_1138
2469,4,0,0,1000,22050,snare_1139
2470,4,0,0,1000,22050,snare_1140
2471,4,0,0,1000,22050,snare_1141
2472,4,0,0,1000,22050,snare_1142
2473,4,0,0,1000,22050,snare_1143
2474,4,0,0,1000,22050,snare_1144
2475,4,0,0,1000,22050,snare_1145
2476,4,0,0,1000,22050,snare_1146
2477,4,0,0,1000,22050,snare_1147
2478,4,0,0,1000,22050,snare_1148
2479,4,0,0,1000,22050,snare_1149
2480,4,0,0,1000,22050,snare_1150
2481,4,0,0,1000,22050,snare_1151
2482,4,0,0,1000,22050,snare_1152
2483,4,0,0,1000,22050,snare_1153
2484,4,0,0,1000,22050,snare_1154
2485,4,0,0,1000,22050,snare_1155
2486,4,0,0,1000,22050,snare_1156
2487,4,0,0,1000,22050,snare_1157
2488,4,0,0,1000,22050,snare_1158
2489,4,0,0,1000,22050,snare_1159
2490,4,0,0,1000,22050,snare_1160
2491,4,0,0,1000,22050,snare_1161
2492,4,0,0,1000,22050,snare_1162
2493,4,0,0,1000,22050,snare_1163
2494,4,0,0,1000,22050,snare_1164
2495,4,0,0,1000,22050,snare_1165
2496,4,0,0,1000,22050,snare_1166
2497,4,0,0,1000,22050,snare_1167
2498,4,0,0,1000,22050,snare_1168
2499,4,0,0,1000,22050,snare_1169
2500,4,0,0,1000,22050,snare_1170
2501,4,0,0,1000,22050,snare_1171
2502,4,0,0,1000,22050,snare_1172
2503,4,0,0,1000,22050,snare_1173
2504,4,0,0,1000,22050,snare_1174
2505,4,0,0,1000,22050,snare_1175
2506,4,0,0,1000,22050,snare_1176
2507,4,0,0,1000,22050,snare_1177
2508,4,0,0,1000,22050,snare_1178
2509,4,0,0,1000,22050,snare_1179
2510,4,0,0,1000,22050,snare_1180
2511,4,0,0,1000,22050,snare_1181
2512,4,0,0,1000,22050,snare_1182
2513,4,0,0,1000,22050,snare_1183
2514,4,0,0,1000,22050,snare_1184
2515,4,0,0,1000,22050,snare_1185
2516,4,0,0,1000,22050,snare_1186
2517,4,0,0,1000,22050,snare_1187
2518,4,0,0,1000,22050,snare_1188
2519,4,0,0,1000,22050,snare_1189
2520,4,0,0,1000,22050,snare_1190
2521,4,0,0,1000,22050,snare_1191
2522,4,0,0,1000,22050,snare_1192
2523,4,0,0,1000,22050,snare_1193
2524,4,0,0,1000,22050,snare_1194
2525,4,0,0,1000,22050,snare_1195
2526,4,0,0,1000,22050,snare_1196
2527,4,0,0,1000,22050,snare_1197
2528,4,0,0,1000,22050,snare_1198
2529,4,0,0,1000,22050,snare_1199
2530,4,0,0,1000,22050,snare_1200
2531,4,0,0,1000,22050,snare_1201
2532,4,0,0,1000,22050,snare_1202
2533,4,0,0,1000,22050,snare_1203
2534,4,0,0,1000,22050,snare_1204
2535,4,0,0,1000,22050,snare_1205
2536,4,0,0,1000,22050,snare_1206
2537,4,0,0,1000,22050,snare_1207
2538,4,0,0,1000,22050,snare_1208
2539,4,0,0,1000,22050,snare_1209
2540,4,0,0,1000,22050,snare_1210
2541,4,0,0,1000,22050,snare_1211
2542,4,0,0,1000,22050,snare_1212
2543,4,0,0,1000,22050,snare_1213
2544,4,0,0,1000,22050,snare_1214
2545,4,0,0,1000,22050,snare_1215
2546,4,0,0,1000,22050,snare_1216
2547,4,0,0,1000,22050,snare_1217
2548,4,0,0,1000,22050,snare_1218
2549,4,0,0,1000,22050,snare_1219
2550,4,0,0,1000,22050,snare_1220
2551,4,0,0,1000,22050,snare_1221
2552,4,0,0,1000,22050,snare_1222
2553,4,0,0,1000,22050,snare_1223
2554,4,0,0,1000,22050,snare_1224
2555,4,0,0,1000,22050,snare_1225
2556,4,0,0,1000,22050,snare_1226
2557,4,0,0,1000,22050,snare_1227
2558,4,0,0,1000,22050,snare_1228
2559,4,0,0,1000,22050,snare_1229
2560,4,0,0,1000,22050,snare_1230
2561,4,0,0,1000,22050,snare_1231
2562,4,0,0,1000,22050,snare_1232
2563,4,0,0,1000,22050,snare_1233
2564,4,0,0,1000,22050,snare_1234
2565,4,0,0,1000,22050,snare_1235
2566,4,0,0,1000,22050,snare_1236
2567,4,0,0,1000,22050,snare_1237
2568,4,0,0,1000,22050,snare_1238
2569,4,0,0,1000,22050,snare_1239
2570,4,0,0,1000,22050,snare_1240
2571,4,0,0,1000,22050,snare_1241
2572,4,0,0,1000,22050,snare_1242
2573,4,0,0,1000,22050,snare_1243
2574,4,0,0,1000,22050,snare_1244
2575,4,0,0,1000,22050,snare_1245
2576,4,0,0,1000,22050,snare_1246
2577,4,0,0,1000,22050,snare_1247
2578,4,0,0,1000,22050,snare_1248
2579,4,0,0,1000,22050,snare_1249
2580,4,0,0,1000,22050,snare_1250
2581,4,0,0,1000,22050,snare_1251
2582,4,0,0,1000,22050,snare_1252
2583,4,0,0,1000,22050,snare_1253
2584,4,0,0,1000,22050,snare_1254
2585,4,0,0,1000,22050,snare_1255
2586,4,0,0,1000,22050,snare_1256
2587,4,0,0,1000,22050,snare_1257
2588,4,0,0,1000,22050,snare_1258
2589,4,0,0,1000,22050,snare_1259
2590,4,0,0,1000,22050,snare_1260
2591,4,0,0,1000,22050,snare_1261
2592,4,0,0,1000,22050,snare_1262
2593,4,0,0,1000,22050,snare_1263
2594,4,0,0,1000,22050,snare_1264
2595,4,0,0,1000,22050,snare_1265
2596,4,0,0,1000,22050,snare_1266
2597,4,0,0,1000,22050,snare_1267
2598,4,0,0,1000,22050,snare_1268
2599,4,0,0,1000,22050,snare_1269
2600,4,0,0,1000,22050,snare_1270
2601,4,0,0,1000,22050,snare_1271
2602,4,0,0,1000,22050,snare_1272
2603,4,0,0,1000,22050,snare_1273
2604,4,0,0,1000,22050,snare_1274
2605,4,0,0,1000,22050,snare_1275
2606,4,0,0,1000,22050,snare_1276
2607,4,0,0,1000,22050,snare_1277
2608,4,0,0,1000,22050,snare_1278
2609,4,0,0,1000,22050,snare_1279
2610,4,0,0,1000,22050,snare_1280
2611,4,0,0,1000,22050,snare_1281
2612,4,0,0,1000,22050,snare_1282
2613,4,0,0,1000,22050,snare_1283
2614,4,0,0,1000,22050,snare_1284
2615,4,0,0,1000,22050,snare_1285
2616,4,0,0,1000,22050,snare_1286
2617,4,0,0,1000,22050,snare_1287
2618,4,0,0,1000,22050,snare_1288
2619,4,0,0,1000,22050,snare_1289
2620,4,0,0,1000,22050,snare_1290
2621,4,0,0,1000,22050,snare_1291
2622,4,0,0,1000,22050,snare_1292
2623,4,0,0,1000,22050,snare_1293
2624,4,0,0,1000,22050,snare_1294
2625,4,0,0,1000,22050,snare_1295
2626,4,0,0,1000,22050,snare_1296
2627,4,0,0,1000,22050,snare_1297
2628,4,0,0,1000,22050,snare_1298
2629,4,0,0,1000,22050,snare_1299
2630,4,0,0,1000,22050,snare_1300
2631,4,0,0,1000,22050,snare_1301
2632,4,0,0,1000,22050,snare_1302
2633,4,0,0,1000,22050,snare_1303
2634,4,0,0,1000,22050,snare_1304
2635,4,0,0,1000,22050,snare_1305
2636,4,0,0,1000,22050,snare_1306
2637,4,0,0,1000,22050,snare_1307
2638,4,0,0,1000,22050,snare_1308
2639,4,0,0,1000,22050,snare_1309
2640,4,0,0,1000,22050,snare_1310
2641,4,0,0,1000,22050,snare_1311
2642,4,0,0,1000,22050,snare_1312
2643,4,0,0,1000,22050,snare_1313
2644,4,0,0,1000,22050,snare_1314
2645,4,0,0,1000,22050,snare_1315
2646,4,0,0,1000,22050,snare_1316
2647,4,0,0,1000,22050,snare_1317
2648,4,0,0,1000,22050,snare_1318
2649,4,0,0,1000,22050,snare_1319
2650,4,0,0,1000,22050,snare_1320
2651,4,0,0,1000,22050,snare_1321
2652,4,0,0,1000,22050,snare_1322
2653,4,0,0,1000,22050,snare_1323
2654,4,0,0,1000,22050,snare_1324
2655,4,0,0,1000,22050,snare_1325
2656,4,0,0,1000,22050,snare_1326
2657,4,0,0,1000,22050,snare_1327
2658,4,0,0,1000,22050,snare_1328
2659,4,0,0,1000,22050,snare_1329
2660,4,0,0,1000,22050,snare_1330
2661,4,0,0,1000,22050,snare_1331
2662,4,0,0,1000,22050,snare_1332
2663,4,0,0,1000,22050,snare_1333
2664,4,0,0,1000,22050,snare_1334
2665,4,0,0,1000,22050,snare_1335
2666,4,0,0,1000,22050,snare_1336
2667,4,0,0,1000,22050,snare_1337
2668,4,0,0,1000,22050,snare_1338
2669,4,0,0,1000,22050,snare_1339
2670,4,0,0,1000,22050,snare_1340
2671,4,0,0,1000,22050,snare_1341
2672,4,0,0,1000,22050,snare_1342
2673,4,0,0,1000,22050,snare_1343
2674,4,0,0,1000,22050,snare_1344
2675,4,0,0,1000,22050,snare_1345
2676,4,0,0,1000,22050,snare_1346
2677,4,0,0,1000,22050,snare_1347
2678,4,0,0,1000,22050,snare_1348
2679,4,0,0,1000,22050,snare_1349
2680,4,0,0,1000,22050,snare_1350
2681,4,0,0,1000,22050,snare_1351
2682,4,0,0,1000,22050,snare_1352
2683,4,0,0,1000,22050,snare_1353
2684,4,0,0,1000,22050,snare_1354
2685,4,0,0,1000,22050,snare_1355
2686,4,0,0,1000,22050,snare_1356
2687,4,0,0,1000,22050,snare_1357
2688,4,0,0,1000,22050,snare_1358
2689,4,0,0,1000,22050,snare_1359
2690,4,0,0,1000,22050,snare_1360
2691,4,0,0,1000,22050,snare_1361
2692,4,0,0,1000,22050,snare_1362
2693,4,0,0,1000,22050,snare_1363
2694,4,0,0,1000,22050,snare_1364
2695,4,0,0,1000,22050,snare_1365
2696,4,0,0,1000,22050,snare_1366
2697,4,0,0,1000,22050,snare_1367
2698,4,0,0,1000,22050,snare_1368
2699,4,0,0,1000,22050,snare_1369
2700,4,0,0,1000,22050,snare_1370
2701,4,0,0,1000,22050,snare_1371
2702,4,0,0,1000,22050,snare_1372
2703,4,0,0,1000,22050,snare_1373
2704,4,0,0,1000,22050,snare_1374
2705,4,0,0,1000,22050,snare_1375
2706,4,0,0,1000,22050,snare_1376
2707,4,0,0,1000,22050,snare_1377
2708,4,0,0,1000,22050,snare_1378
2709,4,0,0,1000,22050,snare_1379
2710,4,0,0,1000,22050,snare_1380
2711,4,0,0,1000,22050,snare_1381
2712,4,0,0,1000,22050,snare_1382
2713,4,0,0,1000,22050,snare_1383
2714,4,0,0,1000,22050,snare_1384
2715,4,0,0,1000,22050,snare_1385
2716,4,0,0,1000,22050,snare_1386
2717,4,0,0,1000,22050,snare_1387
2718,4,0,0,1000,22050,snare_1388
2719,4,0,0,1000,22050,snare_1389
2720,4,0,0,1000,22050,snare_1390
2721,4,0,0,1000,22050,snare_1391
2722,4,0,0,1000,22050,snare_1392
2723,4,0,0,1000,22050,snare_1393
2724,4,0,0,1000,22050,snare_1394
2725,4,0,0,1000,22050,snare_1395
2726,4,0,0,1000,22050,snare_1396
2727,4,0,0,1000,22050,snare_1397
2728,4,0,0,1000,22050,snare_1398
2729,4,0,0,1000,22050,snare_1399
2730,4,0,0,1000,22050,snare_1400
2731,4,0,0,1000,22050,snare_1401
2732,4,0,0,1000,22050,snare_1402
2733,4,0,0,1000,22050,snare_1403
2734,4,0,0,1000,22050,snare_1404
2735,4,0,0,1000,22050,snare_1405
2736,4,0,0,1000,22050,snare_1406
2737,4,0,0,1000,22050,snare_1407
2738,4,0,0,1000,22050,snare_1408
2739,4,0,0,1000,22050,snare_1409
2740,4,0,0,1000,22050,snare_1410
2741,4,0,0,1000,22050,snare_1411
2742,4,0,0,1000,22050,snare_1412
2743,4,0,0,1000,22050,snare_1413
2744,4,0,0,1000,22050,snare_1414
2745,4,0,0,1000,22050,snare_1415
2746,4,0,0,1000,22050,snare_1416
2747,4,0,0,1000,22050,snare_1417
